k_A^-1,target_mean_amplitude_sqrtN,shipped_min_mean_amplitude_sqrtN,shipped_max_mean_amplitude_sqrtN,original-1000_mean_amplitude_sqrtN,original-1000_mean_power_N,filtered-1000_mean_amplitude_sqrtN,filtered-1000_mean_power_N,original-1001_mean_amplitude_sqrtN,original-1001_mean_power_N,filtered-1001_mean_amplitude_sqrtN,filtered-1001_mean_power_N,original-1002_mean_amplitude_sqrtN,original-1002_mean_power_N,filtered-1002_mean_amplitude_sqrtN,filtered-1002_mean_power_N
0.000000000000000000e+00,7.260702445356097314e+02,7.260702514648437500e+02,7.260702514648437500e+02,7.260703125000000000e+02,5.271781250000000000e+05,7.260702514648437500e+02,5.271780000000000000e+05,7.260702514648437500e+02,5.271780000000000000e+05,7.260702514648437500e+02,5.271780000000000000e+05,7.260702514648437500e+02,5.271780000000000000e+05,7.260702514648437500e+02,5.271780000000000000e+05
3.906250000000000000e-03,4.556432976246535538e-01,4.556293487548828125e-01,4.556613564491271973e-01,4.556343853473663330e-01,2.398934960365295410e-01,4.556242227554321289e-01,2.448724657297134399e-01,4.556411802768707275e-01,2.517746388912200928e-01,4.556472301483154297e-01,2.490850389003753662e-01,4.556389153003692627e-01,3.974178433418273926e-01,4.556533098220825195e-01,3.974970579147338867e-01
7.812500000000000000e-03,3.940010217549417826e-01,3.939797580242156982e-01,3.940148949623107910e-01,3.940029144287109375e-01,2.315381616353988647e-01,3.939865529537200928e-01,2.298027426004409790e-01,3.939890861511230469e-01,2.499222904443740845e-01,3.939877748489379883e-01,2.542487084865570068e-01,3.940114080905914307e-01,2.823154926300048828e-01,3.939988613128662109e-01,2.771079540252685547e-01
1.171875000000000000e-02,3.356715792502493745e-01,3.356448709964752197e-01,3.356896936893463135e-01,3.356700837612152100e-01,1.742903441190719604e-01,3.356657624244689941e-01,1.827375441789627075e-01,3.356727361679077148e-01,1.886351406574249268e-01,3.356708288192749023e-01,1.936804354190826416e-01,3.356654942035675049e-01,1.784625351428985596e-01,3.356887400150299072e-01,1.837617307901382446e-01
1.562500000000000000e-02,2.758527203887012891e-01,2.758305370807647705e-01,2.758683860301971436e-01,2.758672535419464111e-01,1.380985826253890991e-01,2.758501470088958740e-01,1.328911185264587402e-01,2.758657038211822510e-01,1.700130105018615723e-01,2.758612036705017090e-01,1.747470498085021973e-01,2.758451700210571289e-01,1.487632542848587036e-01,2.758460044860839844e-01,1.456301659345626831e-01
1.953125000000000000e-02,2.152446423451722657e-01,2.152275145053863525e-01,2.152606695890426636e-01,2.152338325977325439e-01,1.008294075727462769e-01,2.152624875307083130e-01,1.034733802080154419e-01,2.152464836835861206e-01,1.052416786551475525e-01,2.152586132287979126e-01,1.043132767081260681e-01,2.152575999498367310e-01,9.245475381612777710e-02,2.152549326419830322e-01,8.650270104408264160e-02
2.343750000000000000e-02,2.003432284006831376e-01,2.003329843282699585e-01,2.003627717494964600e-01,2.003240734338760376e-01,8.363768458366394043e-02,2.003416568040847778e-01,8.103354275226593018e-02,2.003352195024490356e-01,7.733612507581710815e-02,2.003499865531921387e-01,8.098713308572769165e-02,2.003404051065444946e-01,7.823275029659271240e-02,2.003380209207534790e-01,7.830928266048431396e-02
2.734375000000000000e-02,1.936110336833871681e-01,1.935997307300567627e-01,1.936284303665161133e-01,1.936067491769790649e-01,6.789965182542800903e-02,1.936062872409820557e-01,6.844446063041687012e-02,1.936039924621582031e-01,6.863216310739517212e-02,1.936110705137252808e-01,6.981460005044937134e-02,1.935980170965194702e-01,7.117696851491928101e-02,1.936112642288208008e-01,7.042422890663146973e-02
3.125000000000000000e-02,1.864401596987781962e-01,1.864297688007354736e-01,1.864625662565231323e-01,1.864379048347473145e-01,6.044412776827812195e-02,1.864446103572845459e-01,6.037929281592369080e-02,1.864370107650756836e-01,6.375924497842788696e-02,1.864561140537261963e-01,6.616842746734619141e-02,1.864452213048934937e-01,6.730310618877410889e-02,1.864532977342605591e-01,6.661323457956314087e-02
3.515625000000000000e-02,1.779347541997059190e-01,1.779198944568634033e-01,1.779505908489227295e-01,1.779264509677886963e-01,6.821031123399734497e-02,1.779310107231140137e-01,7.033134996891021729e-02,1.779462546110153198e-01,6.996080279350280762e-02,1.779371649026870728e-01,6.648724526166915894e-02,1.779375821352005005e-01,6.744906306266784668e-02,1.779441386461257935e-01,6.471496820449829102e-02
3.906250000000000000e-02,1.694376813790608449e-01,1.694185286760330200e-01,1.694543808698654175e-01,1.694324016571044922e-01,5.880331620573997498e-02,1.694490760564804077e-01,5.805665627121925354e-02,1.694429516792297363e-01,5.669854581356048584e-02,1.694324612617492676e-01,5.739910155534744263e-02,1.694280058145523071e-01,5.407200008630752563e-02,1.694368571043014526e-01,5.262671783566474915e-02
4.296875000000000000e-02,1.621642093211060065e-01,1.621428132057189941e-01,1.621765047311782837e-01,1.621600985527038574e-01,5.092872306704521179e-02,1.621546596288681030e-01,5.121889710426330566e-02,1.621613949537277222e-01,5.073735862970352173e-02,1.621689498424530029e-01,5.209299921989440918e-02,1.621623188257217407e-01,4.970847070217132568e-02,1.621668040752410889e-01,4.707210883498191833e-02
4.687500000000000000e-02,1.550772505570767457e-01,1.550537347793579102e-01,1.550953537225723267e-01,1.550793647766113281e-01,4.817712306976318359e-02,1.550733745098114014e-01,4.755871370434761047e-02,1.550833433866500854e-01,4.911652579903602600e-02,1.550818383693695068e-01,4.751391336321830750e-02,1.550862044095993042e-01,4.703152924776077271e-02,1.550788879394531250e-01,4.542638733983039856e-02
5.078125000000000000e-02,1.496233181323302075e-01,1.496089398860931396e-01,1.496334671974182129e-01,1.496241837739944458e-01,4.814029484987258911e-02,1.496307104825973511e-01,5.012276768684387207e-02,1.496164798736572266e-01,4.604486003518104553e-02,1.496181339025497437e-01,4.620225727558135986e-02,1.496220082044601440e-01,4.580539837479591370e-02,1.496122777462005615e-01,4.401662200689315796e-02
5.468750000000000000e-02,1.491530104134839441e-01,1.491406857967376709e-01,1.491646915674209595e-01,1.491400003433227539e-01,4.318859800696372986e-02,1.491463929414749146e-01,4.405276477336883545e-02,1.491628587245941162e-01,4.358295351266860962e-02,1.491491645574569702e-01,4.191378504037857056e-02,1.491525471210479736e-01,4.655914381146430969e-02,1.491536051034927368e-01,4.538597166538238525e-02
5.859375000000000000e-02,1.489591311579222255e-01,1.489462107419967651e-01,1.489827185869216919e-01,1.489535868167877197e-01,4.238862916827201843e-02,1.489607095718383789e-01,4.227660223841667175e-02,1.489636003971099854e-01,4.235061258077621460e-02,1.489257514476776123e-01,4.118828848004341125e-02,1.489717066287994385e-01,3.994349762797355652e-02,1.489663869142532349e-01,3.756792843341827393e-02
6.250000000000000000e-02,1.519420093712481878e-01,1.519278287887573242e-01,1.519622504711151123e-01,1.519291996955871582e-01,4.562295600771903992e-02,1.519306451082229614e-01,4.585604742169380188e-02,1.519360989332199097e-01,4.891482740640640259e-02,1.519496887922286987e-01,4.763967916369438171e-02,1.519471108913421631e-01,4.628763720393180847e-02,1.519479751586914062e-01,4.540355876088142395e-02
6.640625000000000000e-02,1.568546014085886453e-01,1.568429172039031982e-01,1.568672209978103638e-01,1.568463146686553955e-01,4.866775125265121460e-02,1.568575501441955566e-01,4.988998547196388245e-02,1.568492949008941650e-01,5.003902688622474670e-02,1.568620651960372925e-01,4.844990000128746033e-02,1.568435430526733398e-01,5.153585225343704224e-02,1.568598449230194092e-01,4.972559586167335510e-02
7.031250000000000000e-02,1.613247944205288276e-01,1.613122075796127319e-01,1.613410413265228271e-01,1.613393276929855347e-01,5.061007663607597351e-02,1.613280326128005981e-01,4.949303343892097473e-02,1.613308936357498169e-01,4.984900355339050293e-02,1.613161116838455200e-01,4.901489615440368652e-02,1.613307893276214600e-01,5.014122650027275085e-02,1.613315641880035400e-01,4.866643622517585754e-02
7.421875000000000000e-02,1.641811798433040204e-01,1.641681939363479614e-01,1.641979962587356567e-01,1.641859263181686401e-01,5.006402358412742615e-02,1.641695648431777954e-01,4.963386803865432739e-02,1.641755998134613037e-01,5.064936727285385132e-02,1.641879826784133911e-01,4.969971999526023865e-02,1.641923487186431885e-01,5.057446286082267761e-02,1.642017662525177002e-01,5.026222765445709229e-02
7.812500000000000000e-02,1.668897836905429422e-01,1.668713837862014771e-01,1.668979823589324951e-01,1.668913960456848145e-01,5.247393995523452759e-02,1.668846160173416138e-01,5.239686369895935059e-02,1.668813377618789673e-01,5.021286755800247192e-02,1.668798476457595825e-01,5.072905868291854858e-02,1.668944358825683594e-01,5.100567638874053955e-02,1.668830960988998413e-01,5.024999007582664490e-02
8.203125000000000000e-02,1.685794785478054170e-01,1.685707569122314453e-01,1.685946881771087646e-01,1.685664504766464233e-01,5.202392861247062683e-02,1.685944646596908569e-01,5.262548476457595825e-02,1.685739308595657349e-01,5.248427763581275940e-02,1.685891002416610718e-01,5.193921551108360291e-02,1.685751527547836304e-01,5.148527026176452637e-02,1.685800701379776001e-01,5.128963664174079895e-02
8.593750000000000000e-02,1.693325299124516237e-01,1.693188697099685669e-01,1.693560481071472168e-01,1.693407148122787476e-01,5.249432474374771118e-02,1.693410575389862061e-01,5.119967460632324219e-02,1.693399995565414429e-01,5.065783113241195679e-02,1.693459600210189819e-01,5.024226754903793335e-02,1.693236976861953735e-01,5.079987272620201111e-02,1.693507730960845947e-01,5.125801637768745422e-02
8.984375000000000000e-02,1.710376922383709253e-01,1.710274964570999146e-01,1.710543185472488403e-01,1.710401177406311035e-01,5.168437585234642029e-02,1.710373014211654663e-01,5.275014042854309082e-02,1.710404455661773682e-01,5.310690402984619141e-02,1.710354685783386230e-01,5.194177478551864624e-02,1.710386276245117188e-01,5.053219199180603027e-02,1.710429936647415161e-01,5.160788819193840027e-02
9.375000000000000000e-02,1.789754038096897926e-01,1.789590865373611450e-01,1.789900958538055420e-01,1.789718568325042725e-01,5.619350448250770569e-02,1.789776980876922607e-01,5.586385726928710938e-02,1.789783090353012085e-01,5.517364293336868286e-02,1.789660751819610596e-01,5.469583719968795776e-02,1.789733618497848511e-01,5.454060435295104980e-02,1.789810359477996826e-01,5.540612712502479553e-02
9.765625000000000000e-02,1.881933426305138213e-01,1.881805658340454102e-01,1.882155984640121460e-01,1.882013231515884399e-01,6.030195951461791992e-02,1.882095187902450562e-01,6.060202047228813171e-02,1.881992071866989136e-01,6.198319047689437866e-02,1.881924122571945190e-01,6.134575977921485901e-02,1.881939917802810669e-01,5.958037078380584717e-02,1.881946027278900146e-01,5.996692925691604614e-02
1.015625000000000000e-01,1.934804008231008066e-01,1.934626847505569458e-01,1.934902817010879517e-01,1.934851855039596558e-01,6.272140890359878540e-02,1.934905350208282471e-01,6.331149488687515259e-02,1.934831142425537109e-01,6.431957334280014038e-02,1.934666782617568970e-01,6.292594224214553833e-02,1.934784650802612305e-01,6.168390810489654541e-02,1.934795528650283813e-01,6.234475970268249512e-02
1.054687500000000000e-01,1.934052701159702237e-01,1.933939754962921143e-01,1.934279203414916992e-01,1.934100836515426636e-01,6.101216003298759460e-02,1.934130042791366577e-01,6.074873358011245728e-02,1.934028565883636475e-01,6.166799366474151611e-02,1.933984160423278809e-01,6.241842731833457947e-02,1.933934986591339111e-01,5.966013297438621521e-02,1.933846473693847656e-01,5.968409776687622070e-02
1.093750000000000000e-01,1.936725252775309547e-01,1.936597228050231934e-01,1.936856955289840698e-01,1.936720013618469238e-01,6.082454323768615723e-02,1.936810314655303955e-01,6.115026399493217468e-02,1.936743110418319702e-01,6.229704618453979492e-02,1.936655491590499878e-01,6.267156451940536499e-02,1.936733424663543701e-01,5.942036956548690796e-02,1.936676651239395142e-01,6.080910935997962952e-02
1.132812500000000000e-01,1.978945557845336600e-01,1.978823691606521606e-01,1.979122757911682129e-01,1.978911757469177246e-01,6.208946928381919861e-02,1.979017555713653564e-01,6.285458803176879883e-02,1.978898197412490845e-01,6.347665190696716309e-02,1.978856921195983887e-01,6.358544528484344482e-02,1.978940218687057495e-01,6.287226080894470215e-02,1.978782415390014648e-01,6.408193707466125488e-02
1.171875000000000000e-01,2.031640869813872152e-01,2.031499892473220825e-01,2.031900137662887573e-01,2.031728923320770264e-01,6.502375006675720215e-02,2.031809985637664795e-01,6.552620232105255127e-02,2.031650096178054810e-01,6.738919019699096680e-02,2.031541466712951660e-01,6.654071062803268433e-02,2.031641006469726562e-01,6.401956081390380859e-02,2.031650543212890625e-01,6.494740396738052368e-02
1.210937500000000000e-01,2.079745958271509432e-01,2.079697996377944946e-01,2.079909592866897583e-01,2.079626321792602539e-01,6.774862110614776611e-02,2.079840302467346191e-01,6.792765110731124878e-02,2.079644501209259033e-01,6.814875453710556030e-02,2.079818993806838989e-01,6.820908933877944946e-02,2.079678624868392944e-01,6.729748100042343140e-02,2.079930454492568970e-01,6.738869845867156982e-02
1.250000000000000000e-01,2.118402861187393127e-01,2.118282765150070190e-01,2.118554562330245972e-01,2.118488401174545288e-01,6.887737661600112915e-02,2.118298560380935669e-01,7.004568725824356079e-02,2.118551433086395264e-01,7.104660570621490479e-02,2.118481397628784180e-01,7.082095742225646973e-02,2.118477225303649902e-01,6.940229982137680054e-02,2.118557691574096680e-01,7.032364606857299805e-02
1.289062500000000000e-01,2.156768067819368473e-01,2.156690508127212524e-01,2.156894803047180176e-01,2.156744152307510376e-01,7.009270787239074707e-02,2.156864702701568604e-01,7.111496478319168091e-02,2.156817167997360229e-01,7.244344055652618408e-02,2.156642228364944458e-01,7.157002389430999756e-02,2.156635820865631104e-01,7.208025455474853516e-02,2.156815975904464722e-01,7.240226119756698608e-02
1.328125000000000000e-01,2.194288027726646606e-01,2.194119095802307129e-01,2.194403111934661865e-01,2.194162756204605103e-01,7.312323153018951416e-02,2.194288074970245361e-01,7.413683831691741943e-02,2.194248288869857788e-01,7.504635304212570190e-02,2.194162756204605103e-01,7.456404715776443481e-02,2.194321006536483765e-01,7.432772964239120483e-02,2.194316536188125610e-01,7.524464279413223267e-02
1.367187500000000000e-01,2.230880359826164228e-01,2.230786234140396118e-01,2.231013327836990356e-01,2.231021970510482788e-01,7.543300837278366089e-02,2.230789512395858765e-01,7.623057812452316284e-02,2.230996787548065186e-01,7.742222398519515991e-02,2.230806350708007812e-01,7.764114439487457275e-02,2.230965197086334229e-01,7.517557591199874878e-02,2.230854332447052002e-01,7.680799067020416260e-02
1.406250000000000000e-01,2.265888117011654879e-01,2.265748828649520874e-01,2.266011685132980347e-01,2.265926301479339600e-01,7.657002657651901245e-02,2.266033142805099487e-01,7.714615762233734131e-02,2.265988588333129883e-01,7.919186353683471680e-02,2.265908122062683105e-01,7.955879718065261841e-02,2.265968173742294312e-01,7.702925801277160645e-02,2.265802770853042603e-01,7.853651791810989380e-02
1.445312500000000000e-01,2.297073560067660059e-01,2.296980023384094238e-01,2.297221273183822632e-01,2.297127991914749146e-01,7.797278463840484619e-02,2.297103852033615112e-01,7.926052063703536987e-02,2.297147363424301147e-01,8.082212507724761963e-02,2.297025620937347412e-01,7.968757301568984985e-02,2.297151237726211548e-01,7.857280969619750977e-02,2.297067493200302124e-01,7.957699149847030640e-02
1.484375000000000000e-01,2.328062717583917196e-01,2.327994555234909058e-01,2.328265905380249023e-01,2.328103184700012207e-01,7.965168356895446777e-02,2.328089177608489990e-01,8.119460940361022949e-02,2.328101098537445068e-01,8.265181630849838257e-02,2.328051924705505371e-01,8.235350251197814941e-02,2.328143566846847534e-01,8.112458139657974243e-02,2.328086793422698975e-01,8.219489455223083496e-02
1.523437500000000000e-01,2.372700655254867952e-01,2.372643500566482544e-01,2.372839152812957764e-01,2.372621595859527588e-01,8.183678984642028809e-02,2.372734695672988892e-01,8.369417488574981689e-02,2.372717410326004028e-01,8.518778532743453979e-02,2.372577488422393799e-01,8.515875041484832764e-02,2.372708469629287720e-01,8.273665606975555420e-02,2.372792214155197144e-01,8.457298576831817627e-02
1.562500000000000000e-01,2.426416694061258872e-01,2.426245957612991333e-01,2.426517903804779053e-01,2.426447421312332153e-01,8.624034374952316284e-02,2.426482886075973511e-01,8.788694441318511963e-02,2.426435649394989014e-01,8.907265216112136841e-02,2.426382899284362793e-01,8.808305114507675171e-02,2.426442652940750122e-01,8.666568994522094727e-02,2.426441311836242676e-01,8.746626228094100952e-02
1.601562500000000000e-01,2.478782271541716820e-01,2.478673607110977173e-01,2.478944957256317139e-01,2.478809952735900879e-01,8.890718221664428711e-02,2.478786706924438477e-01,9.130642563104629517e-02,2.478900998830795288e-01,9.198508411645889282e-02,2.478636652231216431e-01,9.188901633024215698e-02,2.478840947151184082e-01,9.051744639873504639e-02,2.478748261928558350e-01,9.270172566175460815e-02
1.640625000000000000e-01,2.519965037307956846e-01,2.519833743572235107e-01,2.520160377025604248e-01,2.520052790641784668e-01,9.183426201343536377e-02,2.519994676113128662e-01,9.350089728832244873e-02,2.520032823085784912e-01,9.533625841140747070e-02,2.519879341125488281e-01,9.537336975336074829e-02,2.519972622394561768e-01,9.261315315961837769e-02,2.519818246364593506e-01,9.444766491651535034e-02
1.679687500000000000e-01,2.559409183941074861e-01,2.559270560741424561e-01,2.559566199779510498e-01,2.559465169906616211e-01,9.396679699420928955e-02,2.559363245964050293e-01,9.579046070575714111e-02,2.559477090835571289e-01,9.730149805545806885e-02,2.559467554092407227e-01,9.728249907493591309e-02,2.559536099433898926e-01,9.537540376186370850e-02,2.559401690959930420e-01,9.647180140018463135e-02
1.718750000000000000e-01,2.634050648313058796e-01,2.633925974369049072e-01,2.634287178516387939e-01,2.633957266807556152e-01,9.906206279993057251e-02,2.634016573429107666e-01,1.011836081743240356e-01,2.634082734584808350e-01,1.027586832642555237e-01,2.633993923664093018e-01,1.031498387455940247e-01,2.634177505970001221e-01,1.003837659955024719e-01,2.634055018424987793e-01,1.025516614317893982e-01
1.757812500000000000e-01,2.744854465968367130e-01,2.744709551334381104e-01,2.744999825954437256e-01,2.744802832603454590e-01,1.067976132035255432e-01,2.744828462600708008e-01,1.083270683884620667e-01,2.744883894920349121e-01,1.103379204869270325e-01,2.744843959808349609e-01,1.101656034588813782e-01,2.744780182838439941e-01,1.075435355305671692e-01,2.744873762130737305e-01,1.103688105940818787e-01
1.796875000000000000e-01,2.852434283125520609e-01,2.852344214916229248e-01,2.852610647678375244e-01,2.852522134780883789e-01,1.136751696467399597e-01,2.852359712123870850e-01,1.161460801959037781e-01,2.852446734905242920e-01,1.180628985166549683e-01,2.852310240268707275e-01,1.173794344067573547e-01,2.852353751659393311e-01,1.150954663753509521e-01,2.852395772933959961e-01,1.183944717049598694e-01
1.835937500000000000e-01,2.936495351847174806e-01,2.936407029628753662e-01,2.936664223670959473e-01,2.936573922634124756e-01,1.202581971883773804e-01,2.936413288116455078e-01,1.219541355967521667e-01,2.936598360538482666e-01,1.246983036398887634e-01,2.936442494392395020e-01,1.243534237146377563e-01,2.936530709266662598e-01,1.216266527771949768e-01,2.936491370201110840e-01,1.250342130661010742e-01
1.875000000000000000e-01,3.016511971733226161e-01,3.016367852687835693e-01,3.016720712184906006e-01,3.016575276851654053e-01,1.253392994403839111e-01,3.016459643840789795e-01,1.297547817230224609e-01,3.016540408134460449e-01,1.313072293996810913e-01,3.016438484191894531e-01,1.303769499063491821e-01,3.016556203365325928e-01,1.285179257392883301e-01,3.016493618488311768e-01,1.316163539886474609e-01
1.914062500000000000e-01,3.116185516630352592e-01,3.116055130958557129e-01,3.116325736045837402e-01,3.116087317466735840e-01,1.340672671794891357e-01,3.116210401058197021e-01,1.369435638189315796e-01,3.116157352924346924e-01,1.385765224695205688e-01,3.116242289543151855e-01,1.386207640171051025e-01,3.116199970245361328e-01,1.363773047924041748e-01,3.116163313388824463e-01,1.398140043020248413e-01
1.953125000000000000e-01,3.246029872264528660e-01,3.245920836925506592e-01,3.246194422245025635e-01,3.246050477027893066e-01,1.443229466676712036e-01,3.246085345745086670e-01,1.476960182189941406e-01,3.246129155158996582e-01,1.488905698060989380e-01,3.245812058448791504e-01,1.487105041742324829e-01,3.246047794818878174e-01,1.466929316520690918e-01,3.246123790740966797e-01,1.490118354558944702e-01
1.992187500000000000e-01,3.380019551529895860e-01,3.379923999309539795e-01,3.380203545093536377e-01,3.380109667778015137e-01,1.547007560729980469e-01,3.379936814308166504e-01,1.578035801649093628e-01,3.380080163478851318e-01,1.600528359413146973e-01,3.380045890808105469e-01,1.598175317049026489e-01,3.380066454410552979e-01,1.569896042346954346e-01,3.379998803138732910e-01,1.616462767124176025e-01
2.031250000000000000e-01,3.586428507482775085e-01,3.586318790912628174e-01,3.586596548557281494e-01,3.586430549621582031e-01,1.719843149185180664e-01,3.586562573909759521e-01,1.758120805025100708e-01,3.586476743221282959e-01,1.776061803102493286e-01,3.586325049400329590e-01,1.771435588598251343e-01,3.586427569389343262e-01,1.761073470115661621e-01,3.586302399635314941e-01,1.809133142232894897e-01
2.070312500000000000e-01,3.817893291568924541e-01,3.817822635173797607e-01,3.818071186542510986e-01,3.817892074584960938e-01,1.917804181575775146e-01,3.817882239818572998e-01,1.975655108690261841e-01,3.817893564701080322e-01,1.996273547410964966e-01,3.817749619483947754e-01,1.979552507400512695e-01,3.817828595638275146e-01,1.967470347881317139e-01,3.817897140979766846e-01,2.007957398891448975e-01
2.109375000000000000e-01,4.048788553371650556e-01,4.048639237880706787e-01,4.048933982849121094e-01,4.048835039138793945e-01,2.135333716869354248e-01,4.048790633678436279e-01,2.190677374601364136e-01,4.048848748207092285e-01,2.222806513309478760e-01,4.048686921596527100e-01,2.212734520435333252e-01,4.048807024955749512e-01,2.176820933818817139e-01,4.048787653446197510e-01,2.236936241388320923e-01
2.148437500000000000e-01,4.280171796998032963e-01,4.280073344707489014e-01,4.280368089675903320e-01,4.280090332031250000e-01,2.372112274169921875e-01,4.280221462249755859e-01,2.425857782363891602e-01,4.280248582363128662e-01,2.447651475667953491e-01,4.280036687850952148e-01,2.452830225229263306e-01,4.280167818069458008e-01,2.408988028764724731e-01,4.280286431312561035e-01,2.459182441234588623e-01
2.187500000000000000e-01,4.513428369640812288e-01,4.513300061225891113e-01,4.513563513755798340e-01,4.513501524925231934e-01,2.609289288520812988e-01,4.513572156429290771e-01,2.656520605087280273e-01,4.513305723667144775e-01,2.692884206771850586e-01,4.513441622257232666e-01,2.689043581485748291e-01,4.513468742370605469e-01,2.652252018451690674e-01,4.513446688652038574e-01,2.719850540161132812e-01
2.226562500000000000e-01,4.824030691800629267e-01,4.823931157588958740e-01,4.824129939079284668e-01,4.823990166187286377e-01,2.949774861335754395e-01,4.824097752571105957e-01,3.007914423942565918e-01,4.824034869670867920e-01,3.040084540843963623e-01,4.824046194553375244e-01,3.019866049289703369e-01,4.824123084545135498e-01,2.998650968074798584e-01,4.824073016643524170e-01,3.059689104557037354e-01
2.265625000000000000e-01,5.171287552183909675e-01,5.171104073524475098e-01,5.171461701393127441e-01,5.171272158622741699e-01,3.346315622329711914e-01,5.171542763710021973e-01,3.415409922599792480e-01,5.171342492103576660e-01,3.437771797180175781e-01,5.171367526054382324e-01,3.418909311294555664e-01,5.171341896057128906e-01,3.408828079700469971e-01,5.171281099319458008e-01,3.463969528675079346e-01
2.304687500000000000e-01,5.523233829627082203e-01,5.523097515106201172e-01,5.523291230201721191e-01,5.523168444633483887e-01,3.753641247749328613e-01,5.523232221603393555e-01,3.829153478145599365e-01,5.523236989974975586e-01,3.870581984519958496e-01,5.523387193679809570e-01,3.862832784652709961e-01,5.523349642753601074e-01,3.838649690151214600e-01,5.523240566253662109e-01,3.905278444290161133e-01
2.343750000000000000e-01,5.907813523754595897e-01,5.907582640647888184e-01,5.908072590827941895e-01,5.907949805259704590e-01,4.273906946182250977e-01,5.907880663871765137e-01,4.332253336906433105e-01,5.907875895500183105e-01,4.372257888317108154e-01,5.907925963401794434e-01,4.358262121677398682e-01,5.907874703407287598e-01,4.323987662792205811e-01,5.907699465751647949e-01,4.395406544208526611e-01
2.382812500000000000e-01,6.295857846798906809e-01,6.295723319053649902e-01,6.295997500419616699e-01,6.295862197875976562e-01,4.788852334022521973e-01,6.295928359031677246e-01,4.868866503238677979e-01,6.295944452285766602e-01,4.910567700862884521e-01,6.295768618583679199e-01,4.889056086540222168e-01,6.295752525329589844e-01,4.856986105442047119e-01,6.295612454414367676e-01,4.925676584243774414e-01
2.421875000000000000e-01,6.704165394406940148e-01,6.704007983207702637e-01,6.704282760620117188e-01,6.704124808311462402e-01,5.365309715270996094e-01,6.704161763191223145e-01,5.452017784118652344e-01,6.704180240631103516e-01,5.501924753189086914e-01,6.704121828079223633e-01,5.491067171096801758e-01,6.704191565513610840e-01,5.456237792968750000e-01,6.704126596450805664e-01,5.532776117324829102e-01
2.460937500000000000e-01,7.123507383717346819e-01,7.123228311538696289e-01,7.123633623123168945e-01,7.123509049415588379e-01,6.006404161453247070e-01,7.123488783836364746e-01,6.097080707550048828e-01,7.123556733131408691e-01,6.122204661369323730e-01,7.123391032218933105e-01,6.112620234489440918e-01,7.123559713363647461e-01,6.097843050956726074e-01,7.123414874076843262e-01,6.183047890663146973e-01
2.500000000000000000e-01,7.529179577290646685e-01,7.529009580612182617e-01,7.529289722442626953e-01,7.529089450836181641e-01,6.674861311912536621e-01,7.529187798500061035e-01,6.760067343711853027e-01,7.529278397560119629e-01,6.787579059600830078e-01,7.529057860374450684e-01,6.774126291275024414e-01,7.529287338256835938e-01,6.730413436889648438e-01,7.529274225234985352e-01,6.833454966545104980e-01
2.539062500000000000e-01,7.855951708871558026e-01,7.855771780014038086e-01,7.856119871139526367e-01,7.855890989303588867e-01,7.201835513114929199e-01,7.855985164642333984e-01,7.291567325592041016e-01,7.855966091156005859e-01,7.348696589469909668e-01,7.855743169784545898e-01,7.328451275825500488e-01,7.855777740478515625e-01,7.301738262176513672e-01,7.855953574180603027e-01,7.373716831207275391e-01
2.578125000000000000e-01,8.167110943965349978e-01,8.166958689689636230e-01,8.167250156402587891e-01,8.167070746421813965e-01,7.753856778144836426e-01,8.167057037353515625e-01,7.849701642990112305e-01,8.167009949684143066e-01,7.892079949378967285e-01,8.166965246200561523e-01,7.868391275405883789e-01,8.167048692703247070e-01,7.850743532180786133e-01,8.167005181312561035e-01,7.919618487358093262e-01
2.617187500000000000e-01,8.349009215992782007e-01,8.348728418350219727e-01,8.349159359931945801e-01,8.349140882492065430e-01,8.100969791412353516e-01,8.348892927169799805e-01,8.180895447731018066e-01,8.348932862281799316e-01,8.212118148803710938e-01,8.348790407180786133e-01,8.193147778511047363e-01,8.348926901817321777e-01,8.178380131721496582e-01,8.348908424377441406e-01,8.257734179496765137e-01
2.656250000000000000e-01,8.377834188832029572e-01,8.377602696418762207e-01,8.378032445907592773e-01,8.377854824066162109e-01,8.169217109680175781e-01,8.377893567085266113e-01,8.239252567291259766e-01,8.378047347068786621e-01,8.284898400306701660e-01,8.377611041069030762e-01,8.264162540435791016e-01,8.377827405929565430e-01,8.246519565582275391e-01,8.377766013145446777e-01,8.340859413146972656e-01
2.695312500000000000e-01,8.386958314092957112e-01,8.386754989624023438e-01,8.387141227722167969e-01,8.386921286582946777e-01,8.229155540466308594e-01,8.386841416358947754e-01,8.302569985389709473e-01,8.386954069137573242e-01,8.316757678985595703e-01,8.386811017990112305e-01,8.288981914520263672e-01,8.386939167976379395e-01,8.300766348838806152e-01,8.386816382408142090e-01,8.372592926025390625e-01
2.734375000000000000e-01,8.213399025167459344e-01,8.213181495666503906e-01,8.213565349578857422e-01,8.213436603546142578e-01,7.939844727516174316e-01,8.213358521461486816e-01,8.019791841506958008e-01,8.213426470756530762e-01,8.027674555778503418e-01,8.213208317756652832e-01,8.041362166404724121e-01,8.213291168212890625e-01,8.014080524444580078e-01,8.213410973548889160e-01,8.109443783760070801e-01
2.773437500000000000e-01,7.995859165988925543e-01,7.995599508285522461e-01,7.996034026145935059e-01,7.995946407318115234e-01,7.590019702911376953e-01,7.995743751525878906e-01,7.672201991081237793e-01,7.995839715003967285e-01,7.707417607307434082e-01,7.995530962944030762e-01,7.689989209175109863e-01,7.995724678039550781e-01,7.661182880401611328e-01,7.995749115943908691e-01,7.741450667381286621e-01
2.812500000000000000e-01,7.752413818680118363e-01,7.752189040184020996e-01,7.752496004104614258e-01,7.752298712730407715e-01,7.186055183410644531e-01,7.752518057823181152e-01,7.253684997558593750e-01,7.752310037612915039e-01,7.288846373558044434e-01,7.752310037612915039e-01,7.270120382308959961e-01,7.752491831779479980e-01,7.249664664268493652e-01,7.752366065979003906e-01,7.333299517631530762e-01
2.851562500000000000e-01,7.461279911757121575e-01,7.461129426956176758e-01,7.461383342742919922e-01,7.461248040199279785e-01,6.745498180389404297e-01,7.461356520652770996e-01,6.795498132705688477e-01,7.461109161376953125e-01,6.843618750572204590e-01,7.460875511169433594e-01,6.835948824882507324e-01,7.461223602294921875e-01,6.795582175254821777e-01,7.461369633674621582e-01,6.879461407661437988e-01
2.890625000000000000e-01,7.168790920080060358e-01,7.168620824813842773e-01,7.168973088264465332e-01,7.168712615966796875e-01,6.309573650360107422e-01,7.168878316879272461e-01,6.372501850128173828e-01,7.168744802474975586e-01,6.395140886306762695e-01,7.168390750885009766e-01,6.368433833122253418e-01,7.168793082237243652e-01,6.370300054550170898e-01,7.168730497360229492e-01,6.426090598106384277e-01
2.929687500000000000e-01,6.881225038739338107e-01,6.881042718887329102e-01,6.881394982337951660e-01,6.881146430969238281e-01,5.886873006820678711e-01,6.881016492843627930e-01,5.938010215759277344e-01,6.881055831909179688e-01,5.953145623207092285e-01,6.881081461906433105e-01,5.963655114173889160e-01,6.881111264228820801e-01,5.962504148483276367e-01,6.881138086318969727e-01,6.009789705276489258e-01
2.968750000000000000e-01,6.597235589213856777e-01,6.597133874893188477e-01,6.597397327423095703e-01,6.597134470939636230e-01,5.490263700485229492e-01,6.597228646278381348e-01,5.525657534599304199e-01,6.597362160682678223e-01,5.564473867416381836e-01,6.597077250480651855e-01,5.561921596527099609e-01,6.597304940223693848e-01,5.539900064468383789e-01,6.597223281860351562e-01,5.588428378105163574e-01
3.007812500000000000e-01,6.325596997473169614e-01,6.325457692146301270e-01,6.325809955596923828e-01,6.325743198394775391e-01,5.131844282150268555e-01,6.325553059577941895e-01,5.162010192871093750e-01,6.325644254684448242e-01,5.170540809631347656e-01,6.325611472129821777e-01,5.170843005180358887e-01,6.325581073760986328e-01,5.147708058357238770e-01,6.325561404228210449e-01,5.213004350662231445e-01
3.046875000000000000e-01,6.094581526539035732e-01,6.094424724578857422e-01,6.094726920127868652e-01,6.094549298286437988e-01,4.823610782623291016e-01,6.094455718994140625e-01,4.852016270160675049e-01,6.094450354576110840e-01,4.867678284645080566e-01,6.094462275505065918e-01,4.870840013027191162e-01,6.094364523887634277e-01,4.860158562660217285e-01,6.094561219215393066e-01,4.896653592586517334e-01
3.085937500000000000e-01,5.867726720611253777e-01,5.867561101913452148e-01,5.867929458618164062e-01,5.867705941200256348e-01,4.535675942897796631e-01,5.867742896080017090e-01,4.555432796478271484e-01,5.867757201194763184e-01,4.580288231372833252e-01,5.867718458175659180e-01,4.568206071853637695e-01,5.867773294448852539e-01,4.553838074207305908e-01,5.867866873741149902e-01,4.586959779262542725e-01
3.125000000000000000e-01,5.647896162949578303e-01,5.647748708724975586e-01,5.648080110549926758e-01,5.647969841957092285e-01,4.253388047218322754e-01,5.648083686828613281e-01,4.272754788398742676e-01,5.647889971733093262e-01,4.293991625308990479e-01,5.647557973861694336e-01,4.299820363521575928e-01,5.647785663604736328e-01,4.280081391334533691e-01,5.647941231727600098e-01,4.308922290802001953e-01
3.164062500000000000e-01,5.432312434182153815e-01,5.432224273681640625e-01,5.432451367378234863e-01,5.432434678077697754e-01,3.983684778213500977e-01,5.432329773902893066e-01,4.004555344581604004e-01,5.432252883911132812e-01,4.011984169483184814e-01,5.432114005088806152e-01,4.017463326454162598e-01,5.432465076446533203e-01,4.023093879222869873e-01,5.432190299034118652e-01,4.042678475379943848e-01
3.203125000000000000e-01,5.233455427769798662e-01,5.233392119407653809e-01,5.233603715896606445e-01,5.233559012413024902e-01,3.762918710708618164e-01,5.233522057533264160e-01,3.765812218189239502e-01,5.233547687530517578e-01,3.794061541557312012e-01,5.233149528503417969e-01,3.777660727500915527e-01,5.233435034751892090e-01,3.768267035484313965e-01,5.233529806137084961e-01,3.776164650917053223e-01
3.242187500000000000e-01,5.109465593084556723e-01,5.109366178512573242e-01,5.109614133834838867e-01,5.109519362449645996e-01,3.609032332897186279e-01,5.109541416168212891e-01,3.617703318595886230e-01,5.109536647796630859e-01,3.639790415763854980e-01,5.109359025955200195e-01,3.631630241870880127e-01,5.109587907791137695e-01,3.608632981777191162e-01,5.109539031982421875e-01,3.624090254306793213e-01
3.281250000000000000e-01,4.993927805334636982e-01,4.993847608566284180e-01,4.994074404239654541e-01,4.993984997272491455e-01,3.486087322235107422e-01,4.994064271450042725e-01,3.494276702404022217e-01,4.993986189365386963e-01,3.488177657127380371e-01,4.993677735328674316e-01,3.490449786186218262e-01,4.993962943553924561e-01,3.488180935382843018e-01,4.993965029716491699e-01,3.486375808715820312e-01
3.320312500000000000e-01,4.887143848283507230e-01,4.887061417102813721e-01,4.887319505214691162e-01,4.887135922908782959e-01,3.368062674999237061e-01,4.887117445468902588e-01,3.364450633525848389e-01,4.887362718582153320e-01,3.395429253578186035e-01,4.887243807315826416e-01,3.368614017963409424e-01,4.887161850929260254e-01,3.353340327739715576e-01,4.887101352214813232e-01,3.353537619113922119e-01
3.359375000000000000e-01,4.786699872135078415e-01,4.786683917045593262e-01,4.786995351314544678e-01,4.786746799945831299e-01,3.242172598838806152e-01,4.786752462387084961e-01,3.250235915184020996e-01,4.786789715290069580e-01,3.265711963176727295e-01,4.786505699157714844e-01,3.246407508850097656e-01,4.786792695522308350e-01,3.245217204093933105e-01,4.786770939826965332e-01,3.256466984748840332e-01
3.398437500000000000e-01,4.691107973654428109e-01,4.691047072410583496e-01,4.691323637962341309e-01,4.691310822963714600e-01,3.147948980331420898e-01,4.691160023212432861e-01,3.142349421977996826e-01,4.691166877746582031e-01,3.146951198577880859e-01,4.690942168235778809e-01,3.133349120616912842e-01,4.691104888916015625e-01,3.121002912521362305e-01,4.691186845302581787e-01,3.127762973308563232e-01
3.437500000000000000e-01,4.618012415524828662e-01,4.617969393730163574e-01,4.618218839168548584e-01,4.618128240108489990e-01,3.059642314910888672e-01,4.618140459060668945e-01,3.041771054267883301e-01,4.618138968944549561e-01,3.049884736537933350e-01,4.617877304553985596e-01,3.034225106239318848e-01,4.618053436279296875e-01,3.049680292606353760e-01,4.617999196052551270e-01,3.040173351764678955e-01
3.476562500000000000e-01,4.547945623132756965e-01,4.547938108444213867e-01,4.548105597496032715e-01,4.548076391220092773e-01,2.974684834480285645e-01,4.547921121120452881e-01,2.956045567989349365e-01,4.547944664955139160e-01,2.967627942562103271e-01,4.547751247882843018e-01,2.966046929359436035e-01,4.548040628433227539e-01,2.970458865165710449e-01,4.548043608665466309e-01,2.954899072647094727e-01
3.515625000000000000e-01,4.495455843560231535e-01,4.495294392108917236e-01,4.495626389980316162e-01,4.495520889759063721e-01,2.918286025524139404e-01,4.495579898357391357e-01,2.905182838439941406e-01,4.495420455932617188e-01,2.911438047885894775e-01,4.495378434658050537e-01,2.901999056339263916e-01,4.495470523834228516e-01,2.901521325111389160e-01,4.495536386966705322e-01,2.893662154674530029e-01
3.554687500000000000e-01,4.466631291032631679e-01,4.466554224491119385e-01,4.466853141784667969e-01,4.466576576232910156e-01,2.890956699848175049e-01,4.466740489006042480e-01,2.875887751579284668e-01,4.466755986213684082e-01,2.877749800682067871e-01,4.466421902179718018e-01,2.872430384159088135e-01,4.466685354709625244e-01,2.867836058139801025e-01,4.466705918312072754e-01,2.857531607151031494e-01
3.593750000000000000e-01,4.438856256690795199e-01,4.438723027706146240e-01,4.439041614532470703e-01,4.438962936401367188e-01,2.849085628986358643e-01,4.438952505588531494e-01,2.836630642414093018e-01,4.438939094543457031e-01,2.839643061161041260e-01,4.438730180263519287e-01,2.817082703113555908e-01,4.438841044902801514e-01,2.829764485359191895e-01,4.438849985599517822e-01,2.809349000453948975e-01
3.632812500000000000e-01,4.422652402026188700e-01,4.422543942928314209e-01,4.422836005687713623e-01,4.422710239887237549e-01,2.837588191032409668e-01,4.422871470451354980e-01,2.795591056346893311e-01,4.422695636749267578e-01,2.820342183113098145e-01,4.422389268875122070e-01,2.820035219192504883e-01,4.422716200351715088e-01,2.806199491024017334e-01,4.422750174999237061e-01,2.789719700813293457e-01
3.671875000000000000e-01,4.408202087558219517e-01,4.408096075057983398e-01,4.408349096775054932e-01,4.408284127712249756e-01,2.809557914733886719e-01,4.408194422721862793e-01,2.783918976783752441e-01,4.408239722251892090e-01,2.805574238300323486e-01,4.408186972141265869e-01,2.775985598564147949e-01,4.408064484596252441e-01,2.793987989425659180e-01,4.408238232135772705e-01,2.770008146762847900e-01
3.710937500000000000e-01,4.405513353944153221e-01,4.405396878719329834e-01,4.405699372291564941e-01,4.405639469623565674e-01,2.800869047641754150e-01,4.405492246150970459e-01,2.779191136360168457e-01,4.405445754528045654e-01,2.788646817207336426e-01,4.405606687068939209e-01,2.783823311328887939e-01,4.405567944049835205e-01,2.784483432769775391e-01,4.405578076839447021e-01,2.764419317245483398e-01
3.750000000000000000e-01,4.407179469317947240e-01,4.407047033309936523e-01,4.407345056533813477e-01,4.407351016998291016e-01,2.793208360671997070e-01,4.407309293746948242e-01,2.777639329433441162e-01,4.407188296318054199e-01,2.777821719646453857e-01,4.406854212284088135e-01,2.764387130737304688e-01,4.407193660736083984e-01,2.776187956333160400e-01,4.407265484333038330e-01,2.763271629810333252e-01
3.789062500000000000e-01,4.408796408228891628e-01,4.408706128597259521e-01,4.408992230892181396e-01,4.408980309963226318e-01,2.789513766765594482e-01,4.408877193927764893e-01,2.775192558765411377e-01,4.408789277076721191e-01,2.776141762733459473e-01,4.408763051033020020e-01,2.762901484966278076e-01,4.408822357654571533e-01,2.767163515090942383e-01,4.408980309963226318e-01,2.745023369789123535e-01
3.828125000000000000e-01,4.425355846547945338e-01,4.425288438796997070e-01,4.425554573535919189e-01,4.425430297851562500e-01,2.808868587017059326e-01,4.425413906574249268e-01,2.777067124843597412e-01,4.425301253795623779e-01,2.779386043548583984e-01,4.425263702869415283e-01,2.781153619289398193e-01,4.425443112850189209e-01,2.772918045520782471e-01,4.425373077392578125e-01,2.751292884349822998e-01
3.867187500000000000e-01,4.446895137275855836e-01,4.446833729743957520e-01,4.447104036808013916e-01,4.446930289268493652e-01,2.821186482906341553e-01,4.446908831596374512e-01,2.792899310588836670e-01,4.446988105773925781e-01,2.793475985527038574e-01,4.446927309036254883e-01,2.788732945919036865e-01,4.446901082992553711e-01,2.798117995262145996e-01,4.447064101696014404e-01,2.779542505741119385e-01
3.906250000000000000e-01,4.465792348982658977e-01,4.465672969818115234e-01,4.466027617454528809e-01,4.465859830379486084e-01,2.842686772346496582e-01,4.465761184692382812e-01,2.806704640388488770e-01,4.465758800506591797e-01,2.800127863883972168e-01,4.465965330600738525e-01,2.800428569316864014e-01,4.465784728527069092e-01,2.800477147102355957e-01,4.465904831886291504e-01,2.784843146800994873e-01
3.945312500000000000e-01,4.497249733675103278e-01,4.497186243534088135e-01,4.497390389442443848e-01,4.497419595718383789e-01,2.854795455932617188e-01,4.497257769107818604e-01,2.836013734340667725e-01,4.497304260730743408e-01,2.838439047336578369e-01,4.497230052947998047e-01,2.822709083557128906e-01,4.497177302837371826e-01,2.834790945053100586e-01,4.497312605381011963e-01,2.813360095024108887e-01
3.984375000000000000e-01,4.524744840459183903e-01,4.524650275707244873e-01,4.524993300437927246e-01,4.524818658828735352e-01,2.878510653972625732e-01,4.524770975112915039e-01,2.857663333415985107e-01,4.524726271629333496e-01,2.853606343269348145e-01,4.524788856506347656e-01,2.847900092601776123e-01,4.524839818477630615e-01,2.861951887607574463e-01,4.524761736392974854e-01,2.824697792530059814e-01
4.023437500000000000e-01,4.583174884556892592e-01,4.583047330379486084e-01,4.583366513252258301e-01,4.583271145820617676e-01,2.942727506160736084e-01,4.583210051059722900e-01,2.906854152679443359e-01,4.583215713500976562e-01,2.912479043006896973e-01,4.582900404930114746e-01,2.900016605854034424e-01,4.583193659782409668e-01,2.910066843032836914e-01,4.583039581775665283e-01,2.891310453414916992e-01
4.062500000000000000e-01,4.654591297651601289e-01,4.654385149478912354e-01,4.654779434204101562e-01,4.654613435268402100e-01,3.012885451316833496e-01,4.654627740383148193e-01,2.980484366416931152e-01,4.654497206211090088e-01,2.978116273880004883e-01,4.654368758201599121e-01,2.963121235370635986e-01,4.654682874679565430e-01,2.970791459083557129e-01,4.654638171195983887e-01,2.949604690074920654e-01
4.101562500000000000e-01,4.725831600165679713e-01,4.725736677646636963e-01,4.726028144359588623e-01,4.726021587848663330e-01,3.074397146701812744e-01,4.725806415081024170e-01,3.042567074298858643e-01,4.725777208805084229e-01,3.038665354251861572e-01,4.725734889507293701e-01,3.038319349288940430e-01,4.725785851478576660e-01,3.047360777854919434e-01,4.725917279720306396e-01,3.032879531383514404e-01
4.140625000000000000e-01,4.801615471597696638e-01,4.801505804061889648e-01,4.801797270774841309e-01,4.801726341247558594e-01,3.151100575923919678e-01,4.801656305789947510e-01,3.119786679744720459e-01,4.801654517650604248e-01,3.111086487770080566e-01,4.801461100578308105e-01,3.106915950775146484e-01,4.801762402057647705e-01,3.127197027206420898e-01,4.801791012287139893e-01,3.103226125240325928e-01
4.179687500000000000e-01,4.874168827701010898e-01,4.874055683612823486e-01,4.874306619167327881e-01,4.874125123023986816e-01,3.212822973728179932e-01,4.874198734760284424e-01,3.200496137142181396e-01,4.874161183834075928e-01,3.175425231456756592e-01,4.873976707458496094e-01,3.173262774944305420e-01,4.874136447906494141e-01,3.189636468887329102e-01,4.874255359172821045e-01,3.165569007396697998e-01
4.218750000000000000e-01,4.942962916422082298e-01,4.942867755889892578e-01,4.943099319934844971e-01,4.943133592605590820e-01,3.279174864292144775e-01,4.942998588085174561e-01,3.252969980239868164e-01,4.943033158779144287e-01,3.237006962299346924e-01,4.942860007286071777e-01,3.231731057167053223e-01,4.943080544471740723e-01,3.247420787811279297e-01,4.943071007728576660e-01,3.228909671306610107e-01
4.257812500000000000e-01,5.009391491186616641e-01,5.009239912033081055e-01,5.009611248970031738e-01,5.009322762489318848e-01,3.343164026737213135e-01,5.009371042251586914e-01,3.316402435302734375e-01,5.009423494338989258e-01,3.299477100372314453e-01,5.009393095970153809e-01,3.304120302200317383e-01,5.009474158287048340e-01,3.320200741291046143e-01,5.009467005729675293e-01,3.294453024864196777e-01
4.296875000000000000e-01,5.082049084578704745e-01,5.081939101219177246e-01,5.082268118858337402e-01,5.082007646560668945e-01,3.416948914527893066e-01,5.082147121429443359e-01,3.384786844253540039e-01,5.082146525382995605e-01,3.374963104724884033e-01,5.081948637962341309e-01,3.372771441936492920e-01,5.082073211669921875e-01,3.382727503776550293e-01,5.082185268402099609e-01,3.355849981307983398e-01
4.335937500000000000e-01,5.181309042813920795e-01,5.181165933609008789e-01,5.181505084037780762e-01,5.181406736373901367e-01,3.514932394027709961e-01,5.181314945220947266e-01,3.482613861560821533e-01,5.181316733360290527e-01,3.470218777656555176e-01,5.181670188903808594e-01,3.474097549915313721e-01,5.181297659873962402e-01,3.485487997531890869e-01,5.181231498718261719e-01,3.458105921745300293e-01
4.375000000000000000e-01,5.289200100746627164e-01,5.289113521575927734e-01,5.289402008056640625e-01,5.289275646209716797e-01,3.623323440551757812e-01,5.289233326911926270e-01,3.600285053253173828e-01,5.289176702499389648e-01,3.573455512523651123e-01,5.289354324340820312e-01,3.587133586406707764e-01,5.289143919944763184e-01,3.601337075233459473e-01,5.289292335510253906e-01,3.577601313591003418e-01
4.414062500000000000e-01,5.379954212155539928e-01,5.379853248596191406e-01,5.380168557167053223e-01,5.379880666732788086e-01,3.723430335521697998e-01,5.379986763000488281e-01,3.686446547508239746e-01,5.379971861839294434e-01,3.675024807453155518e-01,5.379845499992370605e-01,3.671498000621795654e-01,5.379975438117980957e-01,3.682617843151092529e-01,5.380017757415771484e-01,3.659228086471557617e-01
4.453125000000000000e-01,5.443380080504741647e-01,5.443321466445922852e-01,5.443660616874694824e-01,5.443356633186340332e-01,3.766708672046661377e-01,5.443393588066101074e-01,3.740017116069793701e-01,5.443331003189086914e-01,3.730113804340362549e-01,5.443670153617858887e-01,3.732924759387969971e-01,5.443367958068847656e-01,3.749313056468963623e-01,5.443500876426696777e-01,3.720200657844543457e-01
4.492187500000000000e-01,5.508889854006129294e-01,5.508826971054077148e-01,5.509021878242492676e-01,5.508918166160583496e-01,3.836989104747772217e-01,5.509036183357238770e-01,3.801979720592498779e-01,5.508984923362731934e-01,3.796529173851013184e-01,5.509033799171447754e-01,3.796828985214233398e-01,5.508858561515808105e-01,3.811100721359252930e-01,5.508911013603210449e-01,3.792320787906646729e-01
4.531250000000000000e-01,5.592340209902828541e-01,5.592172145843505859e-01,5.592532753944396973e-01,5.592290759086608887e-01,3.925341665744781494e-01,5.592362284660339355e-01,3.887588679790496826e-01,5.592443346977233887e-01,3.873772621154785156e-01,5.592458844184875488e-01,3.885846138000488281e-01,5.592367053031921387e-01,3.887549340724945068e-01,5.592406392097473145e-01,3.877073526382446289e-01
4.570312500000000000e-01,5.684351053140106469e-01,5.684198141098022461e-01,5.684530735015869141e-01,5.684431195259094238e-01,4.014160037040710449e-01,5.684401988983154297e-01,3.980708718299865723e-01,5.684496164321899414e-01,3.966728746891021729e-01,5.684305429458618164e-01,3.987012505531311035e-01,5.684291124343872070e-01,3.989192247390747070e-01,5.684472322463989258e-01,3.969963788986206055e-01
4.609375000000000000e-01,5.753794103046127040e-01,5.753675699234008789e-01,5.754016637802124023e-01,5.753775835037231445e-01,4.085808694362640381e-01,5.753825306892395020e-01,4.057764410972595215e-01,5.753872394561767578e-01,4.043226242065429688e-01,5.753815770149230957e-01,4.057059586048126221e-01,5.753896832466125488e-01,4.060816764831542969e-01,5.753798484802246094e-01,4.042161703109741211e-01
4.648437500000000000e-01,5.781076532136175672e-01,5.780955553054809570e-01,5.781263709068298340e-01,5.781276822090148926e-01,4.103801846504211426e-01,5.781158208847045898e-01,4.072706401348114014e-01,5.781092643737792969e-01,4.061568975448608398e-01,5.781427621841430664e-01,4.081358611583709717e-01,5.781130790710449219e-01,4.076767861843109131e-01,5.781189799308776855e-01,4.060147404670715332e-01
4.687500000000000000e-01,5.803151299903999139e-01,5.803040266036987305e-01,5.803384780883789062e-01,5.803213119506835938e-01,4.110897481441497803e-01,5.803185701370239258e-01,4.090052843093872070e-01,5.803164243698120117e-01,4.076639711856842041e-01,5.803238749504089355e-01,4.084436297416687012e-01,5.803122520446777344e-01,4.088179469108581543e-01,5.803315639495849609e-01,4.074769020080566406e-01
4.726562500000000000e-01,5.834622134569188434e-01,5.834478139877319336e-01,5.834778547286987305e-01,5.834553837776184082e-01,4.134012460708618164e-01,5.834681987762451172e-01,4.102408587932586670e-01,5.834631919860839844e-01,4.094895422458648682e-01,5.834640264511108398e-01,4.112817347049713135e-01,5.834667086601257324e-01,4.110624492168426514e-01,5.834622383117675781e-01,4.096302092075347900e-01
4.765625000000000000e-01,5.845034935343751403e-01,5.844857692718505859e-01,5.845183730125427246e-01,5.845032930374145508e-01,4.126874804496765137e-01,5.845020413398742676e-01,4.107052087783813477e-01,5.844950675964355469e-01,4.096088409423828125e-01,5.844926238059997559e-01,4.104228317737579346e-01,5.845129489898681641e-01,4.110440909862518311e-01,5.845038294792175293e-01,4.098731875419616699e-01
4.804687500000000000e-01,5.860979037409718151e-01,5.860795378684997559e-01,5.861344337463378906e-01,5.861157774925231934e-01,4.132060408592224121e-01,5.861048102378845215e-01,4.111958444118499756e-01,5.860999226570129395e-01,4.099556207656860352e-01,5.860841870307922363e-01,4.117051362991333008e-01,5.860905647277832031e-01,4.113885462284088135e-01,5.861093401908874512e-01,4.105112254619598389e-01
4.843750000000000000e-01,5.837101973294057666e-01,5.836905837059020996e-01,5.837289690971374512e-01,5.837270021438598633e-01,4.093692600727081299e-01,5.837128162384033203e-01,4.065843820571899414e-01,5.837154388427734375e-01,4.053088426589965820e-01,5.837102532386779785e-01,4.076438546180725098e-01,5.836993455886840820e-01,4.074026346206665039e-01,5.837113857269287109e-01,4.062464833259582520e-01
4.882812500000000000e-01,5.801822274472128171e-01,5.801609754562377930e-01,5.802003145217895508e-01,5.801940560340881348e-01,4.036445915699005127e-01,5.801799893379211426e-01,4.014228284358978271e-01,5.801833868026733398e-01,3.997313082218170166e-01,5.802111625671386719e-01,4.020163714885711670e-01,5.801756381988525391e-01,4.020076394081115723e-01,5.801880955696105957e-01,4.007593691349029541e-01
4.921875000000000000e-01,5.728816663035262158e-01,5.728647112846374512e-01,5.728974342346191406e-01,5.728994011878967285e-01,3.931322395801544189e-01,5.728963613510131836e-01,3.911963105201721191e-01,5.728904008865356445e-01,3.901504278182983398e-01,5.729151964187622070e-01,3.922051787376403809e-01,5.728711485862731934e-01,3.915879428386688232e-01,5.728694200515747070e-01,3.907560408115386963e-01
4.960937500000000000e-01,5.632805293529624668e-01,5.632718801498413086e-01,5.633051991462707520e-01,5.632933974266052246e-01,3.803646564483642578e-01,5.632870197296142578e-01,3.784649968147277832e-01,5.632887482643127441e-01,3.770826160907745361e-01,5.633214116096496582e-01,3.793334662914276123e-01,5.632807612419128418e-01,3.791025578975677490e-01,5.633161067962646484e-01,3.784087598323822021e-01
5.000000000000000000e-01,5.531538347173857728e-01,5.531369447708129883e-01,5.531737804412841797e-01,5.531635284423828125e-01,3.672067821025848389e-01,5.531637668609619141e-01,3.650051951408386230e-01,5.531513690948486328e-01,3.641338646411895752e-01,5.531942844390869141e-01,3.665280044078826904e-01,5.531504154205322266e-01,3.663669526576995850e-01,5.531727671623229980e-01,3.653366267681121826e-01
5.039062500000000000e-01,5.394029608633241768e-01,5.393926501274108887e-01,5.394285321235656738e-01,5.394127368927001953e-01,3.495946526527404785e-01,5.393949747085571289e-01,3.482958376407623291e-01,5.394017100334167480e-01,3.470903337001800537e-01,5.394151210784912109e-01,3.486288189888000488e-01,5.393993258476257324e-01,3.482222557067871094e-01,5.393991470336914062e-01,3.482525348663330078e-01
5.078125000000000000e-01,5.249662224615943007e-01,5.249552726745605469e-01,5.249812602996826172e-01,5.249634981155395508e-01,3.320027887821197510e-01,5.249656438827514648e-01,3.305196762084960938e-01,5.249517560005187988e-01,3.297370076179504395e-01,5.249660611152648926e-01,3.310746848583221436e-01,5.249652266502380371e-01,3.315566778182983398e-01,5.249732136726379395e-01,3.306562900543212891e-01
5.117187500000000000e-01,5.089591577107143161e-01,5.089389085769653320e-01,5.089802742004394531e-01,5.089715123176574707e-01,3.132696151733398438e-01,5.089548230171203613e-01,3.123640120029449463e-01,5.089650750160217285e-01,3.109977841377258301e-01,5.089845061302185059e-01,3.125371336936950684e-01,5.089614391326904297e-01,3.121287524700164795e-01,5.089616179466247559e-01,3.122282028198242188e-01
5.156250000000000000e-01,4.901405442821397673e-01,4.901338517665863037e-01,4.901575744152069092e-01,4.901439845561981201e-01,2.916367650032043457e-01,4.901362955570220947e-01,2.902100980281829834e-01,4.901319146156311035e-01,2.899283468723297119e-01,4.901719689369201660e-01,2.911900877952575684e-01,4.901343882083892822e-01,2.910482883453369141e-01,4.901420176029205322e-01,2.906331121921539307e-01
5.195312500000000000e-01,4.713773699599737022e-01,4.713663160800933838e-01,4.713998436927795410e-01,4.713949859142303467e-01,2.707031667232513428e-01,4.713800847530364990e-01,2.701311111450195312e-01,4.713774919509887695e-01,2.697052955627441406e-01,4.714096784591674805e-01,2.705456912517547607e-01,4.713703095912933350e-01,2.709723711013793945e-01,4.713845551013946533e-01,2.703702449798583984e-01
5.234375000000000000e-01,4.528519239060765367e-01,4.528294205665588379e-01,4.528665840625762939e-01,4.528561532497406006e-01,2.512728571891784668e-01,4.528450667858123779e-01,2.510901391506195068e-01,4.528532326221466064e-01,2.498154640197753906e-01,4.528669714927673340e-01,2.508690953254699707e-01,4.528497755527496338e-01,2.515314519405364990e-01,4.528480470180511475e-01,2.508530914783477783e-01
5.273437500000000000e-01,4.341524267986253127e-01,4.341394901275634766e-01,4.341710805892944336e-01,4.341654181480407715e-01,2.325460761785507202e-01,4.341511726379394531e-01,2.322621643543243408e-01,4.341519474983215332e-01,2.313550710678100586e-01,4.341530799865722656e-01,2.322802096605300903e-01,4.341427087783813477e-01,2.323514521121978760e-01,4.341489374637603760e-01,2.323181182146072388e-01
5.312500000000000000e-01,4.159534368019495720e-01,4.159366488456726074e-01,4.159714281558990479e-01,4.159515798091888428e-01,2.145612537860870361e-01,4.159533977508544922e-01,2.145446389913558960e-01,4.159502089023590088e-01,2.140945494174957275e-01,4.159814715385437012e-01,2.144996970891952515e-01,4.159458279609680176e-01,2.146987318992614746e-01,4.159578382968902588e-01,2.144195586442947388e-01
5.351562500000000000e-01,3.983082074018866048e-01,3.982984125614166260e-01,3.983240127563476562e-01,3.983246088027954102e-01,1.979742199182510376e-01,3.983102142810821533e-01,1.977475881576538086e-01,3.983182907104492188e-01,1.978766620159149170e-01,3.983051478862762451e-01,1.979461908340454102e-01,3.983021080493927002e-01,1.982554644346237183e-01,3.983161151409149170e-01,1.980859190225601196e-01
5.390625000000000000e-01,3.807271175593516799e-01,3.807173669338226318e-01,3.807503581047058105e-01,3.807340562343597412e-01,1.819576323032379150e-01,3.807315230369567871e-01,1.822381317615509033e-01,3.807299733161926270e-01,1.820196658372879028e-01,3.807572126388549805e-01,1.824083328247070312e-01,3.807372152805328369e-01,1.828990131616592407e-01,3.807388842105865479e-01,1.823824197053909302e-01
5.429687500000000000e-01,3.648891441845759642e-01,3.648724555969238281e-01,3.649114668369293213e-01,3.648997843265533447e-01,1.683533191680908203e-01,3.648966252803802490e-01,1.686241626739501953e-01,3.648810982704162598e-01,1.682001799345016479e-01,3.649011254310607910e-01,1.685570925474166870e-01,3.648959398269653320e-01,1.685072332620620728e-01,3.648985028266906738e-01,1.687281578779220581e-01
5.468750000000000000e-01,3.497546674311138859e-01,3.497497141361236572e-01,3.497714400291442871e-01,3.497445285320281982e-01,1.559068709611892700e-01,3.497586250305175781e-01,1.558189541101455688e-01,3.497439026832580566e-01,1.559555828571319580e-01,3.497801423072814941e-01,1.563025265932083130e-01,3.497612476348876953e-01,1.560573279857635498e-01,3.497601151466369629e-01,1.557537019252777100e-01
5.507812500000000000e-01,3.352368509124302731e-01,3.352255523204803467e-01,3.352536857128143311e-01,3.352351784706115723e-01,1.441226750612258911e-01,3.352470695972442627e-01,1.440075933933258057e-01,3.352209031581878662e-01,1.442241966724395752e-01,3.352382481098175049e-01,1.440266370773315430e-01,3.352445363998413086e-01,1.444328725337982178e-01,3.352320492267608643e-01,1.441354006528854370e-01
5.546875000000000000e-01,3.227316126592200685e-01,3.227197527885437012e-01,3.227512240409851074e-01,3.227415382862091064e-01,1.341842561960220337e-01,3.227370679378509521e-01,1.345482170581817627e-01,3.227298855781555176e-01,1.350958794355392456e-01,3.227530121803283691e-01,1.342688053846359253e-01,3.227380812168121338e-01,1.344315409660339355e-01,3.227295279502868652e-01,1.347171515226364136e-01
5.585937500000000000e-01,3.104268000154936646e-01,3.104207515716552734e-01,3.104396462440490723e-01,3.104341030120849609e-01,1.246938183903694153e-01,3.104328215122222900e-01,1.254315227270126343e-01,3.104295432567596436e-01,1.256079077720642090e-01,3.104329407215118408e-01,1.252143681049346924e-01,3.104286193847656250e-01,1.248693391680717468e-01,3.104304671287536621e-01,1.255823075771331787e-01
5.625000000000000000e-01,3.013757879657851801e-01,3.013643324375152588e-01,3.013916015625000000e-01,3.013822734355926514e-01,1.183109655976295471e-01,3.013756573200225830e-01,1.185016259551048279e-01,3.013957142829895020e-01,1.185239776968955994e-01,3.013746738433837891e-01,1.184872016310691833e-01,3.013706207275390625e-01,1.183606609702110291e-01,3.013703823089599609e-01,1.182969436049461365e-01
5.664062500000000000e-01,2.944139139482849776e-01,2.944062650203704834e-01,2.944315969944000244e-01,2.944194972515106201e-01,1.131078824400901794e-01,2.944141626358032227e-01,1.136185079813003540e-01,2.944258749485015869e-01,1.138457134366035461e-01,2.944176793098449707e-01,1.137379780411720276e-01,2.944172620773315430e-01,1.132924184203147888e-01,2.944317162036895752e-01,1.133686676621437073e-01
5.703125000000000000e-01,2.875482912982415540e-01,2.875360250473022461e-01,2.875710427761077881e-01,2.875584065914154053e-01,1.082292348146438599e-01,2.875472307205200195e-01,1.085920706391334534e-01,2.875613868236541748e-01,1.087879613041877747e-01,2.875697910785675049e-01,1.084352657198905945e-01,2.875512838363647461e-01,1.081700548529624939e-01,2.875539064407348633e-01,1.084849387407302856e-01
5.742187500000000000e-01,2.819865174123367679e-01,2.819808125495910645e-01,2.820042371749877930e-01,2.819976806640625000e-01,1.036976054310798645e-01,2.819894850254058838e-01,1.045145764946937561e-01,2.819878458976745605e-01,1.051483601331710815e-01,2.820018529891967773e-01,1.043532565236091614e-01,2.819951474666595459e-01,1.041726544499397278e-01,2.819949686527252197e-01,1.046488881111145020e-01
5.781250000000000000e-01,2.765330158070297695e-01,2.765198349952697754e-01,2.765458822250366211e-01,2.765339314937591553e-01,1.001050025224685669e-01,2.765448093414306641e-01,1.006829962134361267e-01,2.765329778194427490e-01,1.013847291469573975e-01,2.765455245971679688e-01,1.006587818264961243e-01,2.765242755413055420e-01,1.003020331263542175e-01,2.765389084815979004e-01,1.007900610566139221e-01
5.820312500000000000e-01,2.719053635438515304e-01,2.718952894210815430e-01,2.719241976737976074e-01,2.719167172908782959e-01,9.669888764619827271e-02,2.719142436981201172e-01,9.747054427862167358e-02,2.719140052795410156e-01,9.791719913482666016e-02,2.719388902187347412e-01,9.737869352102279663e-02,2.719098925590515137e-01,9.702691435813903809e-02,2.719182074069976807e-01,9.755215048789978027e-02
5.859375000000000000e-01,2.683164905038223358e-01,2.683106064796447754e-01,2.683297991752624512e-01,2.683192193508148193e-01,9.422007948160171509e-02,2.683112323284149170e-01,9.505067765712738037e-02,2.683175504207611084e-01,9.547726064920425415e-02,2.683332264423370361e-01,9.471616894006729126e-02,2.683099806308746338e-01,9.445465356111526489e-02,2.683102786540985107e-01,9.476900100708007812e-02
5.898437500000000000e-01,2.646255657955900453e-01,2.646166384220123291e-01,2.646447718143463135e-01,2.646361589431762695e-01,9.199292212724685669e-02,2.646198868751525879e-01,9.245567023754119873e-02,2.646311521530151367e-01,9.272319078445434570e-02,2.646450102329254150e-01,9.244711697101593018e-02,2.646225690841674805e-01,9.200293570756912231e-02,2.646383941173553467e-01,9.247408807277679443e-02
5.937500000000000000e-01,2.610594946624802404e-01,2.610491514205932617e-01,2.610822021961212158e-01,2.610641717910766602e-01,8.941947668790817261e-02,2.610678970813751221e-01,8.972564339637756348e-02,2.610626816749572754e-01,9.040849655866622925e-02,2.610691487789154053e-01,8.983128517866134644e-02,2.610596120357513428e-01,8.934493362903594971e-02,2.610559463500976562e-01,9.003816545009613037e-02
5.976562500000000000e-01,2.576551804672120860e-01,2.576490640640258789e-01,2.576747834682464600e-01,2.576651573181152344e-01,8.727428317070007324e-02,2.576603889465332031e-01,8.751771599054336548e-02,2.576553523540496826e-01,8.821456879377365112e-02,2.576777637004852295e-01,8.748804777860641479e-02,2.576529383659362793e-01,8.733648806810379028e-02,2.576593458652496338e-01,8.778438717126846313e-02
6.015625000000000000e-01,2.550261941539491706e-01,2.550199329853057861e-01,2.550427317619323730e-01,2.550321519374847412e-01,8.558926731348037720e-02,2.550318539142608643e-01,8.595514297485351562e-02,2.550289332866668701e-01,8.636996895074844360e-02,2.550375461578369141e-01,8.597494661808013916e-02,2.550170123577117920e-01,8.555013686418533325e-02,2.550323009490966797e-01,8.592200279235839844e-02
6.054687500000000000e-01,2.533561278506615277e-01,2.533417046070098877e-01,2.533788383007049561e-01,2.533658444881439209e-01,8.422678709030151367e-02,2.533579468727111816e-01,8.468326181173324585e-02,2.533595561981201172e-01,8.526182174682617188e-02,2.533744275569915771e-01,8.452358841896057129e-02,2.533478736877441406e-01,8.425325900316238403e-02,2.533575594425201416e-01,8.468533307313919067e-02
6.093750000000000000e-01,2.517804635435782479e-01,2.517764568328857422e-01,2.518030405044555664e-01,2.517978549003601074e-01,8.312989026308059692e-02,2.517879307270050049e-01,8.370849490165710449e-02,2.517844438552856445e-01,8.440171182155609131e-02,2.517861723899841309e-01,8.360488712787628174e-02,2.517831623554229736e-01,8.342176675796508789e-02,2.517855167388916016e-01,8.361002057790756226e-02
6.132812500000000000e-01,2.515127460392043712e-01,2.515093386173248291e-01,2.515294849872589111e-01,2.515198588371276855e-01,8.279624581336975098e-02,2.515183687210083008e-01,8.342261612415313721e-02,2.515152096748352051e-01,8.388151228427886963e-02,2.515240609645843506e-01,8.347295969724655151e-02,2.515138685703277588e-01,8.288888633251190186e-02,2.515166103839874268e-01,8.319924771785736084e-02
6.171875000000000000e-01,2.524450603218433287e-01,2.524330317974090576e-01,2.524620294570922852e-01,2.524546384811401367e-01,8.325831592082977295e-02,2.524424195289611816e-01,8.361464738845825195e-02,2.524429261684417725e-01,8.440917730331420898e-02,2.524561882019042969e-01,8.381300419569015503e-02,2.524448037147521973e-01,8.335213363170623779e-02,2.524503469467163086e-01,8.377686142921447754e-02
6.210937500000000000e-01,2.523704339886906900e-01,2.523615062236785889e-01,2.523888051509857178e-01,2.523769140243530273e-01,8.318078517913818359e-02,2.523799836635589600e-01,8.342906087636947632e-02,2.523829042911529541e-01,8.405197411775588989e-02,2.523738741874694824e-01,8.383256942033767700e-02,2.523620426654815674e-01,8.331526070833206177e-02,2.523753046989440918e-01,8.357325196266174316e-02
6.250000000000000000e-01,2.513007618593928738e-01,2.512916922569274902e-01,2.513171434402465820e-01,2.513082325458526611e-01,8.240220695734024048e-02,2.512980103492736816e-01,8.266682922840118408e-02,2.513118684291839600e-01,8.330841362476348877e-02,2.513057589530944824e-01,8.266508579254150391e-02,2.513091266155242920e-01,8.246414363384246826e-02,2.513033449649810791e-01,8.279156684875488281e-02
6.289062500000000000e-01,2.506959544130960560e-01,2.506891489028930664e-01,2.507163286209106445e-01,2.507053315639495850e-01,8.177446573972702026e-02,2.507001757621765137e-01,8.217250555753707886e-02,2.507011890411376953e-01,8.292606472969055176e-02,2.507245838642120361e-01,8.229273557662963867e-02,2.507005035877227783e-01,8.205275237560272217e-02,2.506932020187377930e-01,8.228091895580291748e-02
6.328125000000000000e-01,2.515326688113330156e-01,2.515285611152648926e-01,2.515526115894317627e-01,2.515419721603393555e-01,8.217924088239669800e-02,2.515303194522857666e-01,8.282873779535293579e-02,2.515334784984588623e-01,8.293703943490982056e-02,2.515476346015930176e-01,8.241821825504302979e-02,2.515311241149902344e-01,8.232457935810089111e-02,2.515303194522857666e-01,8.286844938993453979e-02
6.367187500000000000e-01,2.532397855864167990e-01,2.532300651073455811e-01,2.532576322555541992e-01,2.532563209533691406e-01,8.301538228988647461e-02,2.532413601875305176e-01,8.353653550148010254e-02,2.532362639904022217e-01,8.398295193910598755e-02,2.532509565353393555e-01,8.343195170164108276e-02,2.532368302345275879e-01,8.314570039510726929e-02,2.532422542572021484e-01,8.365680277347564697e-02
6.406250000000000000e-01,2.539897266448657431e-01,2.539802491664886475e-01,2.540058791637420654e-01,2.539930343627929688e-01,8.339779078960418701e-02,2.539864182472229004e-01,8.346693217754364014e-02,2.539906203746795654e-01,8.425634354352951050e-02,2.539797127246856689e-01,8.395127207040786743e-02,2.539919614791870117e-01,8.351132273674011230e-02,2.539904415607452393e-01,8.407735079526901245e-02
6.445312500000000000e-01,2.528776450702561740e-01,2.528660297393798828e-01,2.528990209102630615e-01,2.528870701789855957e-01,8.265337347984313965e-02,2.528855502605438232e-01,8.302181214094161987e-02,2.528832852840423584e-01,8.346669375896453857e-02,2.528595924377441406e-01,8.315128833055496216e-02,2.528759539127349854e-01,8.298660814762115479e-02,2.528795897960662842e-01,8.326191455125808716e-02
6.484375000000000000e-01,2.511729450871499902e-01,2.511663436889648438e-01,2.511934041976928711e-01,2.511770725250244141e-01,8.176657557487487793e-02,2.511879801750183105e-01,8.218673616647720337e-02,2.511818706989288330e-01,8.237908035516738892e-02,2.511739134788513184e-01,8.220206201076507568e-02,2.511678040027618408e-01,8.177876472473144531e-02,2.511877119541168213e-01,8.220409601926803589e-02
6.523437500000000000e-01,2.512705624674637095e-01,2.512613832950592041e-01,2.512859106063842773e-01,2.512823641300201416e-01,8.175607770681381226e-02,2.512807846069335938e-01,8.166768401861190796e-02,2.512696683406829834e-01,8.233053237199783325e-02,2.512632608413696289e-01,8.176938444375991821e-02,2.512700259685516357e-01,8.153926581144332886e-02,2.512767910957336426e-01,8.203308284282684326e-02
6.562500000000000000e-01,2.525905301833140659e-01,2.525827884674072266e-01,2.526068389415740967e-01,2.525994181632995605e-01,8.231646567583084106e-02,2.525907456874847412e-01,8.263210952281951904e-02,2.525942623615264893e-01,8.291148394346237183e-02,2.526052296161651611e-01,8.254276961088180542e-02,2.525823116302490234e-01,8.226533234119415283e-02,2.525898814201354980e-01,8.269364386796951294e-02
6.601562500000000000e-01,2.535444064535098962e-01,2.535309791564941406e-01,2.535578906536102295e-01,2.535570561885833740e-01,8.273585885763168335e-02,2.535364329814910889e-01,8.312854170799255371e-02,2.535443902015686035e-01,8.349373191595077515e-02,2.535302937030792236e-01,8.337816596031188965e-02,2.535434365272521973e-01,8.299456536769866943e-02,2.535458207130432129e-01,8.322511613368988037e-02
6.640625000000000000e-01,2.545036837283861653e-01,2.544806897640228271e-01,2.545179426670074463e-01,2.545134425163269043e-01,8.322458714246749878e-02,2.545047104358673096e-01,8.349936455488204956e-02,2.545079290866851807e-01,8.392620831727981567e-02,2.545241415500640869e-01,8.370347321033477783e-02,2.545053064823150635e-01,8.341038972139358521e-02,2.545114159584045410e-01,8.376967906951904297e-02
6.679687500000000000e-01,2.549327168433710433e-01,2.549292743206024170e-01,2.549501061439514160e-01,2.549369931221008301e-01,8.359925448894500732e-02,2.549283802509307861e-01,8.363808691501617432e-02,2.549259364604949951e-01,8.374414592981338501e-02,2.549392580986022949e-01,8.392652124166488647e-02,2.549417614936828613e-01,8.348669856786727905e-02,2.549380064010620117e-01,8.388960361480712891e-02
6.718750000000000000e-01,2.558820537477654589e-01,2.558755874633789062e-01,2.558981478214263916e-01,2.558902800083160400e-01,8.400964736938476562e-02,2.558961212635040283e-01,8.388089388608932495e-02,2.558879554271697998e-01,8.418467640876770020e-02,2.558759152889251709e-01,8.443838357925415039e-02,2.558800876140594482e-01,8.407770097255706787e-02,2.558752298355102539e-01,8.429659903049468994e-02
6.757812500000000000e-01,2.563292233103737217e-01,2.563156485557556152e-01,2.563422620296478271e-01,2.563346922397613525e-01,8.410006016492843628e-02,2.563222944736480713e-01,8.443029224872589111e-02,2.563248872756958008e-01,8.450908213853836060e-02,2.563178837299346924e-01,8.439615368843078613e-02,2.563250064849853516e-01,8.402462303638458252e-02,2.563453018665313721e-01,8.449496328830718994e-02
6.796875000000000000e-01,2.569210431267385797e-01,2.569092810153961182e-01,2.569400072097778320e-01,2.569339275360107422e-01,8.433631807565689087e-02,2.569200694561004639e-01,8.424962311983108521e-02,2.569161355495452881e-01,8.481185883283615112e-02,2.569258213043212891e-01,8.434637635946273804e-02,2.569175660610198975e-01,8.413238823413848877e-02,2.569338083267211914e-01,8.465298265218734741e-02
6.835937500000000000e-01,2.547935726722069805e-01,2.547851800918579102e-01,2.548160552978515625e-01,2.548123300075531006e-01,8.282077312469482422e-02,2.548037767410278320e-01,8.321394026279449463e-02,2.547878324985504150e-01,8.331277221441268921e-02,2.548031806945800781e-01,8.329776674509048462e-02,2.547851800918579102e-01,8.312793076038360596e-02,2.548040747642517090e-01,8.345404267311096191e-02
6.875000000000000000e-01,2.521778471914474240e-01,2.521682083606719971e-01,2.521948516368865967e-01,2.521890103816986084e-01,8.127381652593612671e-02,2.522007524967193604e-01,8.139692991971969604e-02,2.521735131740570068e-01,8.194483071565628052e-02,2.521837055683135986e-01,8.159541338682174683e-02,2.521760463714599609e-01,8.120958507061004639e-02,2.521817982196807861e-01,8.145450800657272339e-02
6.914062500000000000e-01,2.506520738770153245e-01,2.506436109542846680e-01,2.506728768348693848e-01,2.506624460220336914e-01,8.023422956466674805e-02,2.506662011146545410e-01,8.037180453538894653e-02,2.506479620933532715e-01,8.039480447769165039e-02,2.506410479545593262e-01,8.063761889934539795e-02,2.506414949893951416e-01,8.024623990058898926e-02,2.506576478481292725e-01,8.049066364765167236e-02
6.953125000000000000e-01,2.508177397131860498e-01,2.508097589015960693e-01,2.508390545845031738e-01,2.508258819580078125e-01,8.019467443227767944e-02,2.508294284343719482e-01,8.036138862371444702e-02,2.508189976215362549e-01,8.079046756029129028e-02,2.508225142955780029e-01,8.027359098196029663e-02,2.508039772510528564e-01,8.028490841388702393e-02,2.508448958396911621e-01,8.060146123170852661e-02
6.992187500000000000e-01,2.511236425308064346e-01,2.511097490787506104e-01,2.511474490165710449e-01,2.511244714260101318e-01,8.012352883815765381e-02,2.511415779590606689e-01,8.036341518163681030e-02,2.511218190193176270e-01,8.046771585941314697e-02,2.511203885078430176e-01,8.032189309597015381e-02,2.511306405067443848e-01,8.000352233648300171e-02,2.511202692985534668e-01,8.022076636552810669e-02
7.031250000000000000e-01,2.502820735330317792e-01,2.502740919589996338e-01,2.502946257591247559e-01,2.502977252006530762e-01,7.961399853229522705e-02,2.502880692481994629e-01,7.936111092567443848e-02,2.502840757369995117e-01,7.967168837785720825e-02,2.502856552600860596e-01,7.974848151206970215e-02,2.502770423889160156e-01,7.932508736848831177e-02,2.502755522727966309e-01,7.962786406278610229e-02
7.070312500000000000e-01,2.489526908362598989e-01,2.489357888698577881e-01,2.489664107561111450e-01,2.489553838968276978e-01,7.856152951717376709e-02,2.489539682865142822e-01,7.824328541755676270e-02,2.489552944898605347e-01,7.847593724727630615e-02,2.489702999591827393e-01,7.844766229391098022e-02,2.489400953054428101e-01,7.859277725219726562e-02,2.489587664604187012e-01,7.838605344295501709e-02
7.109375000000000000e-01,2.468441974526482674e-01,2.468319833278656006e-01,2.468597441911697388e-01,2.468462139368057251e-01,7.673048973083496094e-02,2.468352615833282471e-01,7.672432810068130493e-02,2.468315064907073975e-01,7.696123421192169189e-02,2.468461692333221436e-01,7.712008059024810791e-02,2.468459010124206543e-01,7.688354700803756714e-02,2.468438148498535156e-01,7.679591327905654907e-02
7.148437500000000000e-01,2.427414934225931020e-01,2.427331656217575073e-01,2.427650839090347290e-01,2.427415102720260620e-01,7.447793334722518921e-02,2.427503019571304321e-01,7.421039789915084839e-02,2.427454888820648193e-01,7.441229373216629028e-02,2.427546530961990356e-01,7.440067827701568604e-02,2.427447736263275146e-01,7.421065866947174072e-02,2.427618950605392456e-01,7.440742105245590210e-02
7.187500000000000000e-01,2.385814798992945684e-01,2.385692596435546875e-01,2.385986298322677612e-01,2.385602295398712158e-01,7.176906615495681763e-02,2.385677695274353027e-01,7.191281765699386597e-02,2.385766208171844482e-01,7.222899049520492554e-02,2.385661602020263672e-01,7.216428220272064209e-02,2.385803610086441040e-01,7.174859195947647095e-02,2.385719418525695801e-01,7.190286368131637573e-02
7.226562500000000000e-01,2.373625971348563013e-01,2.373410314321517944e-01,2.373854815959930420e-01,2.373772561550140381e-01,7.107710838317871094e-02,2.373637706041336060e-01,7.104365527629852295e-02,2.373478859663009644e-01,7.090299576520919800e-02,2.373578250408172607e-01,7.084503024816513062e-02,2.373453676700592041e-01,7.110116630792617798e-02,2.373698055744171143e-01,7.086374610662460327e-02
7.265625000000000000e-01,2.375584623629561631e-01,2.375402152538299561e-01,2.375884205102920532e-01,2.375673502683639526e-01,7.107586413621902466e-02,2.375693917274475098e-01,7.088365405797958374e-02,2.375456988811492920e-01,7.060465961694717407e-02,2.375671863555908203e-01,7.076700031757354736e-02,2.375534772872924805e-01,7.090280950069427490e-02,2.375617325305938721e-01,7.121458649635314941e-02
7.304687500000000000e-01,2.374579658478516986e-01,2.374453097581863403e-01,2.374826371669769287e-01,2.374614775180816650e-01,7.050556689500808716e-02,2.374472618103027344e-01,7.057462632656097412e-02,2.374684214591979980e-01,7.054340094327926636e-02,2.374506890773773193e-01,7.067084312438964844e-02,2.374649196863174438e-01,7.047695666551589966e-02,2.374415546655654907e-01,7.054802030324935913e-02
7.343750000000000000e-01,2.365019459882496122e-01,2.364872097969055176e-01,2.365296483039855957e-01,2.364913076162338257e-01,6.994201987981796265e-02,2.365054041147232056e-01,6.947821378707885742e-02,2.365036904811859131e-01,6.970658153295516968e-02,2.365290671586990356e-01,6.978632509708404541e-02,2.365010231733322144e-01,6.989144533872604370e-02,2.365224361419677734e-01,7.002050429582595825e-02
7.382812500000000000e-01,2.354205471639647107e-01,2.354038208723068237e-01,2.354343682527542114e-01,2.354053109884262085e-01,6.889831274747848511e-02,2.354249358177185059e-01,6.895133107900619507e-02,2.354157567024230957e-01,6.875771284103393555e-02,2.354124337434768677e-01,6.945945322513580322e-02,2.354054152965545654e-01,6.897947192192077637e-02,2.354274988174438477e-01,6.885711848735809326e-02
7.421875000000000000e-01,2.326979994777940153e-01,2.326874434947967529e-01,2.327144742012023926e-01,2.327123135328292847e-01,6.772588938474655151e-02,2.327064871788024902e-01,6.742677092552185059e-02,2.326903492212295532e-01,6.762862205505371094e-02,2.327237129211425781e-01,6.748799979686737061e-02,2.326930761337280273e-01,6.748335808515548706e-02,2.326899021863937378e-01,6.778842955827713013e-02
7.460937500000000000e-01,2.286378940332923493e-01,2.286126911640167236e-01,2.286558002233505249e-01,2.286270409822463989e-01,6.481930613517761230e-02,2.286312282085418701e-01,6.494037806987762451e-02,2.286477237939834595e-01,6.554342806339263916e-02,2.286251783370971680e-01,6.522813439369201660e-02,2.286488264799118042e-01,6.506854295730590820e-02,2.286571264266967773e-01,6.505558639764785767e-02
7.500000000000000000e-01,2.246911886714974271e-01,2.246778160333633423e-01,2.247171998023986816e-01,2.246838063001632690e-01,6.307524442672729492e-02,2.246979326009750366e-01,6.240442022681236267e-02,2.246930748224258423e-01,6.275660544633865356e-02,2.247052192687988281e-01,6.280656158924102783e-02,2.246963381767272949e-01,6.293094903230667114e-02,2.246930599212646484e-01,6.330361217260360718e-02
7.539062500000000000e-01,2.216311517473379122e-01,2.216147184371948242e-01,2.216608375310897827e-01,2.216454595327377319e-01,6.204930692911148071e-02,2.216516882181167603e-01,6.122700497508049011e-02,2.216357886791229248e-01,6.110911443829536438e-02,2.216805815696716309e-01,6.122089177370071411e-02,2.216351032257080078e-01,6.130795553326606750e-02,2.216248214244842529e-01,6.136908382177352905e-02
7.578125000000000000e-01,2.187182239000774464e-01,2.186941206455230713e-01,2.187443226575851440e-01,2.187357842922210693e-01,6.021810695528984070e-02,2.187154442071914673e-01,5.925500392913818359e-02,2.187054902315139771e-01,5.994499474763870239e-02,2.187247127294540405e-01,6.017331033945083618e-02,2.187115848064422607e-01,6.025426089763641357e-02,2.187097966670989990e-01,5.966806039214134216e-02
7.617187500000000000e-01,2.167468992228829272e-01,2.167239040136337280e-01,2.167832702398300171e-01,2.167354673147201538e-01,5.868355184793472290e-02,2.167453616857528687e-01,5.853325873613357544e-02,2.167494148015975952e-01,5.851502344012260437e-02,2.167542278766632080e-01,5.880311876535415649e-02,2.167430669069290161e-01,5.906454473733901978e-02,2.167523205280303955e-01,5.857081711292266846e-02
7.656250000000000000e-01,2.160072557998169440e-01,2.159872055053710938e-01,2.160418629646301270e-01,2.160139083862304688e-01,5.774778127670288086e-02,2.159883230924606323e-01,5.790275335311889648e-02,2.159881889820098877e-01,5.828567594289779663e-02,2.160218954086303711e-01,5.810374021530151367e-02,2.160189002752304077e-01,5.818241089582443237e-02,2.159994095563888550e-01,5.839966237545013428e-02
7.695312500000000000e-01,2.150059683756947726e-01,2.149761021137237549e-01,2.150319218635559082e-01,2.150098085403442383e-01,5.743949115276336670e-02,2.150025218725204468e-01,5.757579952478408813e-02,2.149857282638549805e-01,5.761383473873138428e-02,2.150469869375228882e-01,5.746243521571159363e-02,2.149921655654907227e-01,5.776723101735115051e-02,2.150134742259979248e-01,5.743439123034477234e-02
7.734375000000000000e-01,2.112166276950170063e-01,2.111953645944595337e-01,2.112339586019515991e-01,2.112096548080444336e-01,5.546043813228607178e-02,2.112264186143875122e-01,5.578450113534927368e-02,2.112004160881042480e-01,5.547169223427772522e-02,2.112273573875427246e-01,5.587950721383094788e-02,2.112021446228027344e-01,5.570261925458908081e-02,2.112103849649429321e-01,5.551530048251152039e-02
7.773437500000000000e-01,2.065885551201905312e-01,2.065692245960235596e-01,2.066189050674438477e-01,2.065952122211456299e-01,5.346743017435073853e-02,2.065930515527725220e-01,5.354833975434303284e-02,2.065809220075607300e-01,5.309713631868362427e-02,2.065535336732864380e-01,5.328791588544845581e-02,2.065779566764831543e-01,5.267389491200447083e-02,2.065924257040023804e-01,5.378501862287521362e-02
7.812500000000000000e-01,2.036473823301654384e-01,2.036290317773818970e-01,2.036706060171127319e-01,2.036479115486145020e-01,5.149267613887786865e-02,2.036521732807159424e-01,5.210728943347930908e-02,2.036363631486892700e-01,5.150387063622474670e-02,2.036339789628982544e-01,5.197435617446899414e-02,2.036718428134918213e-01,5.159468203783035278e-02,2.036658376455307007e-01,5.169342830777168274e-02
7.851562500000000000e-01,2.039694040994974589e-01,2.039553821086883545e-01,2.039991021156311035e-01,2.039796561002731323e-01,5.186606943607330322e-02,2.039780020713806152e-01,5.149858444929122925e-02,2.039758563041687012e-01,5.200397968292236328e-02,2.039548307657241821e-01,5.195868387818336487e-02,2.039927542209625244e-01,5.164557322859764099e-02,2.039463967084884644e-01,5.213379859924316406e-02
7.890625000000000000e-01,2.041806317183420816e-01,2.041614055633544922e-01,2.042293250560760498e-01,2.041753679513931274e-01,5.164555087685585022e-02,2.041806876659393311e-01,5.203161016106605530e-02,2.041791230440139771e-01,5.172957107424736023e-02,2.041866034269332886e-01,5.217998102307319641e-02,2.041891217231750488e-01,5.135317891836166382e-02,2.041737586259841919e-01,5.167109146714210510e-02
7.929687500000000000e-01,2.003557957189668060e-01,2.003386616706848145e-01,2.003858238458633423e-01,2.003794312477111816e-01,4.990286380052566528e-02,2.003590911626815796e-01,4.887685179710388184e-02,2.003704905509948730e-01,5.027072504162788391e-02,2.004126012325286865e-01,5.020172148942947388e-02,2.003226131200790405e-01,4.956553131341934204e-02,2.003355622291564941e-01,5.002329498529434204e-02
7.968750000000000000e-01,1.950445065598563066e-01,1.950100213289260864e-01,1.950727254152297974e-01,1.950748115777969360e-01,4.770411178469657898e-02,1.950002312660217285e-01,4.788908362388610840e-02,1.950434297323226929e-01,4.752918332815170288e-02,1.950096338987350464e-01,4.771016910672187805e-02,1.950408071279525757e-01,4.727212339639663696e-02,1.950722485780715942e-01,4.727533459663391113e-02
8.007812500000000000e-01,1.903825358505958076e-01,1.903558224439620972e-01,1.904166638851165771e-01,1.903912127017974854e-01,4.577688872814178467e-02,1.904279291629791260e-01,4.517662525177001953e-02,1.903781443834304810e-01,4.514015465974807739e-02,1.904100179672241211e-01,4.581165313720703125e-02,1.903291046619415283e-01,4.538844525814056396e-02,1.903635561466217041e-01,4.548680409789085388e-02
8.046875000000000000e-01,1.874081584403563538e-01,1.873736679553985596e-01,1.874394714832305908e-01,1.874414235353469849e-01,4.426867887377738953e-02,1.874178797006607056e-01,4.463934898376464844e-02,1.873831301927566528e-01,4.401920735836029053e-02,1.873827129602432251e-01,4.389591887593269348e-02,1.874292790889739990e-01,4.407649487257003784e-02,1.874254792928695679e-01,4.413000494241714478e-02
8.085937500000000000e-01,1.845242110812450043e-01,1.844883412122726440e-01,1.845680028200149536e-01,1.845258921384811401e-01,4.302737489342689514e-02,1.845235079526901245e-01,4.218985140323638916e-02,1.845438331365585327e-01,4.218472912907600403e-02,1.845758855342864990e-01,4.237539693713188171e-02,1.845141351222991943e-01,4.297732189297676086e-02,1.844944655895233154e-01,4.324501380324363708e-02
8.125000000000000000e-01,1.817379231336122003e-01,1.816909909248352051e-01,1.817785203456878662e-01,1.817481517791748047e-01,4.205929487943649292e-02,1.817604303359985352e-01,4.165304079651832581e-02,1.817344725131988525e-01,4.102180525660514832e-02,1.817159950733184814e-01,4.121864214539527893e-02,1.817353516817092896e-01,4.048709198832511902e-02,1.817335635423660278e-01,4.194399714469909668e-02
8.164062500000000000e-01,1.789153412751501304e-01,1.788710802793502808e-01,1.789776235818862915e-01,1.789125055074691772e-01,4.065035283565521240e-02,1.789425164461135864e-01,4.102349281311035156e-02,1.789320856332778931e-01,4.009347781538963318e-02,1.789028495550155640e-01,4.006393998861312866e-02,1.789461672306060791e-01,4.039371013641357422e-02,1.789184212684631348e-01,4.017106443643569946e-02
8.203125000000000000e-01,1.766394797931921945e-01,1.766147911548614502e-01,1.766923666000366211e-01,1.766658872365951538e-01,3.917156532406806946e-02,1.765930503606796265e-01,3.981364890933036804e-02,1.766812801361083984e-01,3.887845948338508606e-02,1.766415089368820190e-01,3.937905654311180115e-02,1.765854060649871826e-01,3.921496495604515076e-02,1.766144633293151855e-01,3.920059651136398315e-02
8.242187500000000000e-01,1.784097694090129305e-01,1.783710718154907227e-01,1.784702241420745850e-01,1.784195750951766968e-01,4.012377560138702393e-02,1.783839017152786255e-01,3.991920873522758484e-02,1.784453094005584717e-01,3.963812813162803650e-02,1.783982068300247192e-01,4.038089886307716370e-02,1.784006208181381226e-01,3.926837444305419922e-02,1.784023642539978027e-01,3.943801671266555786e-02
8.281250000000000000e-01,1.803996298298967127e-01,1.803334951400756836e-01,1.804689019918441772e-01,1.804264783859252930e-01,4.128479585051536560e-02,1.804002821445465088e-01,3.933547064661979675e-02,1.804428994655609131e-01,4.099105298519134521e-02,1.803639084100723267e-01,4.028857126832008362e-02,1.804243475198745728e-01,3.928124532103538513e-02,1.804580092430114746e-01,4.078668355941772461e-02
8.320312500000000000e-01,1.817075766326061437e-01,1.816799193620681763e-01,1.817728281021118164e-01,1.817266941070556641e-01,4.065567255020141602e-02,1.817122250795364380e-01,4.058631882071495056e-02,1.817051768302917480e-01,4.214016720652580261e-02,1.816785782575607300e-01,4.059954732656478882e-02,1.817041933536529541e-01,4.287327080965042114e-02,1.817277520895004272e-01,4.167074710130691528e-02
8.359375000000000000e-01,1.824916259813132435e-01,1.824390441179275513e-01,1.825660765171051025e-01,1.825032830238342285e-01,4.129514843225479126e-02,1.824844628572463989e-01,4.221826046705245972e-02,1.824854463338851929e-01,4.087073355913162231e-02,1.824224889278411865e-01,4.166769608855247498e-02,1.825060546398162842e-01,4.180977866053581238e-02,1.824407279491424561e-01,4.090616479516029358e-02
8.398437500000000000e-01,1.827744957206077214e-01,1.827190518379211426e-01,1.828390061855316162e-01,1.827566921710968018e-01,4.164256155490875244e-02,1.828203946352005005e-01,4.049709066748619080e-02,1.827535480260848999e-01,4.144877567887306213e-02,1.827561259269714355e-01,4.171655699610710144e-02,1.827767193317413330e-01,4.149732366204261780e-02,1.827484518289566040e-01,4.216022416949272156e-02
8.437500000000000000e-01,1.809162348768013351e-01,1.808103770017623901e-01,1.810145676136016846e-01,1.808638125658035278e-01,4.167370498180389404e-02,1.808699816465377808e-01,3.958469629287719727e-02,1.808961480855941772e-01,4.002664983272552490e-02,1.808693110942840576e-01,3.839277848601341248e-02,1.808531284332275391e-01,4.246062785387039185e-02,1.809168457984924316e-01,4.156458750367164612e-02
8.476562500000000000e-01,1.788017310366192547e-01,1.787336021661758423e-01,1.789083480834960938e-01,1.788482218980789185e-01,3.992201760411262512e-02,1.789103001356124878e-01,3.895043581724166870e-02,1.787614375352859497e-01,3.970130160450935364e-02,1.787436604499816895e-01,4.079347848892211914e-02,1.788342595100402832e-01,3.898493945598602295e-02,1.787924468517303467e-01,3.953842446208000183e-02
8.515625000000000000e-01,1.717607543669121550e-01,1.716369241476058960e-01,1.718922853469848633e-01,1.717333942651748657e-01,3.604149818420410156e-02,1.716009676456451416e-01,3.591080382466316223e-02,1.717834323644638062e-01,3.702565655112266541e-02,1.717965751886367798e-01,3.738383203744888306e-02,1.716839075088500977e-01,3.675564005970954895e-02,1.716971099376678467e-01,3.859427943825721741e-02
8.554687500000000000e-01,1.544559038474200008e-01,1.543116271495819092e-01,1.545450538396835327e-01,1.543797999620437622e-01,3.518031910061836243e-02,1.545882672071456909e-01,5.018907040357589722e-02,1.543781757354736328e-01,3.480046242475509644e-02,1.544751673936843872e-01,3.185574710369110107e-02,1.543906480073928833e-01,3.636545315384864807e-02,1.543985009193420410e-01,4.028796404600143433e-02
8.593750000000000000e-01,1.402947217623044807e-01,1.401515454053878784e-01,1.407820582389831543e-01,1.405461132526397705e-01,3.166464716196060181e-02,1.401990205049514771e-01,3.896355256438255310e-02,1.402802467346191406e-01,5.389016121625900269e-02,1.402414292097091675e-01,9.008265286684036255e-02,1.405874937772750854e-01,1.131456270813941956e-01,1.404136419296264648e-01,1.277944296598434448e-01
8.632812500000000000e-01,1.180176685059541181e-01,1.175781339406967163e-01,1.184699535369873047e-01,1.181113123893737793e-01,4.840838164091110229e-02,1.183435469865798950e-01,4.314099624752998352e-02,1.180855482816696167e-01,6.773021072149276733e-02,1.185472682118415833e-01,6.132170930504798889e-02,1.180851161479949951e-01,7.886162400245666504e-02,1.180919259786605835e-01,3.499849140644073486e-02
8.671875000000000000e-01,8.137607588125772562e-02,7.832578569650650024e-02,8.321373164653778076e-02,8.213543146848678589e-02,6.746229249984025955e-03,8.189503103494644165e-02,6.706797052174806595e-03,8.080286532640457153e-02,6.529103033244609833e-03,8.000261336565017700e-02,6.400418002158403397e-03,8.071932941675186157e-02,6.515610031783580780e-03,8.309839665889739990e-02,6.905343383550643921e-03
