source,class_2d
SPECTER,40
SPECTER,30
SPECTER,19
SPECTER,9
SPECTER,1
SPECTER,21
SPECTER,38
SPECTER,37
SPECTER,9
SPECTER,9
SPECTER,26
SPECTER,6
SPECTER,46
SPECTER,31
SPECTER,9
SPECTER,28
SPECTER,44
SPECTER,14
SPECTER,28
SPECTER,37
SPECTER,31
SPECTER,18
SPECTER,11
SPECTER,28
SPECTER,41
SPECTER,39
SPECTER,16
SPECTER,48
SPECTER,0
SPECTER,44
SPECTER,34
SPECTER,23
SPECTER,45
SPECTER,8
SPECTER,33
SPECTER,33
SPECTER,6
SPECTER,14
SPECTER,41
SPECTER,19
SPECTER,21
SPECTER,18
SPECTER,34
SPECTER,11
SPECTER,20
SPECTER,47
SPECTER,25
SPECTER,41
SPECTER,42
SPECTER,41
SPECTER,28
SPECTER,38
SPECTER,45
SPECTER,14
SPECTER,6
SPECTER,45
SPECTER,31
SPECTER,48
SPECTER,17
SPECTER,30
SPECTER,6
SPECTER,34
SPECTER,11
SPECTER,20
SPECTER,14
SPECTER,16
SPECTER,6
SPECTER,20
SPECTER,41
SPECTER,6
SPECTER,36
SPECTER,45
SPECTER,18
SPECTER,11
SPECTER,19
SPECTER,18
SPECTER,11
SPECTER,37
SPECTER,31
SPECTER,28
SPECTER,39
SPECTER,35
SPECTER,33
SPECTER,34
SPECTER,39
SPECTER,41
SPECTER,18
SPECTER,43
SPECTER,19
SPECTER,13
SPECTER,41
SPECTER,20
SPECTER,33
SPECTER,21
SPECTER,6
SPECTER,3
SPECTER,33
SPECTER,30
SPECTER,45
SPECTER,4
SPECTER,34
SPECTER,41
SPECTER,26
SPECTER,21
SPECTER,31
SPECTER,38
SPECTER,35
SPECTER,27
SPECTER,30
SPECTER,41
SPECTER,15
SPECTER,33
SPECTER,0
SPECTER,20
SPECTER,31
SPECTER,35
SPECTER,41
SPECTER,30
SPECTER,48
SPECTER,1
SPECTER,20
SPECTER,11
SPECTER,15
SPECTER,45
SPECTER,42
SPECTER,40
SPECTER,47
SPECTER,37
SPECTER,28
SPECTER,15
SPECTER,1
SPECTER,28
SPECTER,46
SPECTER,18
SPECTER,39
SPECTER,21
SPECTER,28
SPECTER,31
SPECTER,9
SPECTER,27
SPECTER,1
SPECTER,4
SPECTER,41
SPECTER,9
SPECTER,6
SPECTER,11
SPECTER,9
SPECTER,6
SPECTER,16
SPECTER,21
SPECTER,20
SPECTER,25
SPECTER,3
SPECTER,30
SPECTER,28
SPECTER,41
SPECTER,0
SPECTER,41
SPECTER,4
SPECTER,2
SPECTER,4
SPECTER,4
SPECTER,41
SPECTER,4
SPECTER,41
SPECTER,11
SPECTER,29
SPECTER,4
SPECTER,40
SPECTER,41
SPECTER,26
SPECTER,39
SPECTER,45
SPECTER,4
SPECTER,21
SPECTER,33
SPECTER,29
SPECTER,33
SPECTER,34
SPECTER,6
SPECTER,39
SPECTER,34
SPECTER,0
SPECTER,33
SPECTER,44
SPECTER,36
SPECTER,39
SPECTER,15
SPECTER,14
SPECTER,22
SPECTER,39
SPECTER,22
SPECTER,21
SPECTER,1
SPECTER,17
SPECTER,43
SPECTER,33
SPECTER,31
SPECTER,13
SPECTER,19
SPECTER,31
SPECTER,47
SPECTER,26
SPECTER,11
SPECTER,23
SPECTER,21
SPECTER,41
SPECTER,33
SPECTER,19
SPECTER,6
SPECTER,44
SPECTER,30
SPECTER,49
SPECTER,44
SPECTER,14
SPECTER,11
SPECTER,20
SPECTER,47
SPECTER,9
SPECTER,28
SPECTER,24
SPECTER,8
SPECTER,21
SPECTER,44
SPECTER,22
SPECTER,32
SPECTER,0
SPECTER,29
SPECTER,34
SPECTER,40
SPECTER,9
SPECTER,34
SPECTER,17
SPECTER,9
SPECTER,25
SPECTER,45
SPECTER,44
SPECTER,15
SPECTER,41
SPECTER,17
SPECTER,36
SPECTER,21
SPECTER,21
SPECTER,14
SPECTER,19
SPECTER,6
SPECTER,1
SPECTER,43
SPECTER,42
SPECTER,45
SPECTER,33
SPECTER,15
SPECTER,17
SPECTER,14
SPECTER,31
SPECTER,31
SPECTER,1
SPECTER,6
SPECTER,18
SPECTER,11
SPECTER,44
SPECTER,13
SPECTER,20
SPECTER,33
SPECTER,28
SPECTER,41
SPECTER,30
SPECTER,29
SPECTER,36
SPECTER,20
SPECTER,35
SPECTER,21
SPECTER,0
SPECTER,1
SPECTER,41
SPECTER,17
SPECTER,39
SPECTER,47
SPECTER,33
SPECTER,41
SPECTER,21
SPECTER,6
SPECTER,6
SPECTER,37
SPECTER,43
SPECTER,39
SPECTER,36
SPECTER,20
SPECTER,45
SPECTER,5
SPECTER,26
SPECTER,40
SPECTER,44
SPECTER,39
SPECTER,16
SPECTER,30
SPECTER,16
SPECTER,35
SPECTER,42
SPECTER,9
SPECTER,20
SPECTER,20
SPECTER,32
SPECTER,4
SPECTER,40
SPECTER,31
SPECTER,4
SPECTER,41
SPECTER,45
SPECTER,19
SPECTER,41
SPECTER,36
SPECTER,43
SPECTER,1
SPECTER,44
SPECTER,1
SPECTER,45
SPECTER,45
SPECTER,41
SPECTER,31
SPECTER,19
SPECTER,4
SPECTER,21
SPECTER,20
SPECTER,45
SPECTER,34
SPECTER,6
SPECTER,20
SPECTER,15
SPECTER,29
SPECTER,18
SPECTER,6
SPECTER,20
SPECTER,39
SPECTER,20
SPECTER,44
SPECTER,37
SPECTER,6
SPECTER,22
SPECTER,6
SPECTER,9
SPECTER,18
SPECTER,18
SPECTER,6
SPECTER,5
SPECTER,42
SPECTER,42
SPECTER,33
SPECTER,29
SPECTER,19
SPECTER,45
SPECTER,45
SPECTER,20
SPECTER,44
SPECTER,16
SPECTER,31
SPECTER,41
SPECTER,46
SPECTER,19
SPECTER,20
SPECTER,29
SPECTER,41
SPECTER,40
SPECTER,41
SPECTER,21
SPECTER,17
SPECTER,47
SPECTER,21
SPECTER,33
SPECTER,14
SPECTER,16
SPECTER,41
SPECTER,25
SPECTER,17
SPECTER,17
SPECTER,22
SPECTER,43
SPECTER,41
SPECTER,41
SPECTER,41
SPECTER,4
SPECTER,18
SPECTER,16
SPECTER,18
SPECTER,6
SPECTER,11
SPECTER,13
SPECTER,6
SPECTER,26
SPECTER,39
SPECTER,41
SPECTER,29
SPECTER,14
SPECTER,9
SPECTER,31
SPECTER,9
SPECTER,9
SPECTER,16
SPECTER,40
SPECTER,21
SPECTER,44
SPECTER,0
SPECTER,6
SPECTER,16
SPECTER,45
SPECTER,45
SPECTER,9
SPECTER,18
SPECTER,18
SPECTER,28
SPECTER,11
SPECTER,28
SPECTER,29
SPECTER,21
SPECTER,32
SPECTER,20
SPECTER,44
SPECTER,20
SPECTER,23
SPECTER,34
SPECTER,29
SPECTER,45
SPECTER,22
SPECTER,6
SPECTER,6
SPECTER,41
SPECTER,41
SPECTER,45
SPECTER,30
SPECTER,31
SPECTER,26
SPECTER,20
SPECTER,4
SPECTER,9
SPECTER,31
SPECTER,8
SPECTER,41
SPECTER,37
SPECTER,33
SPECTER,16
SPECTER,30
SPECTER,17
SPECTER,7
SPECTER,26
SPECTER,14
SPECTER,32
SPECTER,31
SPECTER,29
SPECTER,44
SPECTER,16
SPECTER,6
SPECTER,5
SPECTER,6
SPECTER,14
SPECTER,25
SPECTER,22
SPECTER,21
SPECTER,26
SPECTER,40
SPECTER,44
SPECTER,9
SPECTER,31
SPECTER,21
SPECTER,16
SPECTER,23
SPECTER,24
SPECTER,14
SPECTER,24
SPECTER,21
SPECTER,11
SPECTER,8
SPECTER,47
SPECTER,6
SPECTER,33
SPECTER,11
SPECTER,20
SPECTER,44
SPECTER,20
SPECTER,24
SPECTER,4
SPECTER,20
SPECTER,34
SPECTER,43
SPECTER,28
SPECTER,20
SPECTER,31
SPECTER,36
SPECTER,36
SPECTER,19
SPECTER,34
SPECTER,17
SPECTER,35
SPECTER,9
SPECTER,33
SPECTER,42
SPECTER,6
SPECTER,47
SPECTER,33
SPECTER,21
SPECTER,18
SPECTER,9
SPECTER,22
SPECTER,36
SPECTER,6
SPECTER,8
SPECTER,5
SPECTER,34
SPECTER,41
SPECTER,6
SPECTER,35
SPECTER,15
SPECTER,26
SPECTER,48
SPECTER,41
SPECTER,43
SPECTER,21
SPECTER,9
SPECTER,33
SPECTER,35
SPECTER,21
SPECTER,11
SPECTER,45
SPECTER,32
SPECTER,5
SPECTER,9
SPECTER,1
SPECTER,41
SPECTER,21
SPECTER,9
SPECTER,6
SPECTER,48
SPECTER,34
SPECTER,45
SPECTER,11
SPECTER,20
SPECTER,34
SPECTER,21
SPECTER,27
SPECTER,16
SPECTER,20
SPECTER,30
SPECTER,19
SPECTER,33
SPECTER,6
SPECTER,1
SPECTER,45
SPECTER,44
SPECTER,37
SPECTER,11
SPECTER,25
SPECTER,20
SPECTER,20
SPECTER,1
SPECTER,6
SPECTER,39
SPECTER,49
SPECTER,44
SPECTER,9
SPECTER,20
SPECTER,18
SPECTER,3
SPECTER,47
SPECTER,36
SPECTER,30
SPECTER,21
SPECTER,12
SPECTER,6
SPECTER,17
SPECTER,41
SPECTER,39
SPECTER,31
SPECTER,20
SPECTER,42
SPECTER,41
SPECTER,41
SPECTER,11
SPECTER,9
SPECTER,20
SPECTER,8
SPECTER,16
SPECTER,49
SPECTER,30
SPECTER,11
SPECTER,42
SPECTER,34
SPECTER,49
SPECTER,22
SPECTER,1
SPECTER,20
SPECTER,13
SPECTER,43
SPECTER,21
SPECTER,41
SPECTER,42
SPECTER,21
SPECTER,32
SPECTER,6
SPECTER,29
SPECTER,4
SPECTER,17
SPECTER,21
SPECTER,1
SPECTER,16
SPECTER,13
SPECTER,38
SPECTER,9
SPECTER,31
SPECTER,41
SPECTER,33
SPECTER,37
SPECTER,5
SPECTER,46
SPECTER,49
SPECTER,26
SPECTER,39
SPECTER,23
SPECTER,20
SPECTER,8
SPECTER,18
SPECTER,33
SPECTER,6
SPECTER,44
SPECTER,41
SPECTER,44
SPECTER,43
SPECTER,1
SPECTER,31
SPECTER,35
SPECTER,6
SPECTER,41
SPECTER,4
SPECTER,20
SPECTER,44
SPECTER,21
SPECTER,15
SPECTER,39
SPECTER,1
SPECTER,18
SPECTER,41
SPECTER,23
SPECTER,29
SPECTER,49
SPECTER,44
SPECTER,13
SPECTER,32
SPECTER,45
SPECTER,26
SPECTER,49
SPECTER,18
SPECTER,0
SPECTER,44
SPECTER,21
SPECTER,43
SPECTER,19
SPECTER,14
SPECTER,21
SPECTER,1
SPECTER,43
SPECTER,30
SPECTER,31
SPECTER,17
SPECTER,8
SPECTER,43
SPECTER,30
SPECTER,29
SPECTER,39
SPECTER,28
SPECTER,9
SPECTER,11
SPECTER,42
SPECTER,35
SPECTER,20
SPECTER,29
SPECTER,36
SPECTER,35
SPECTER,28
SPECTER,23
SPECTER,1
SPECTER,47
SPECTER,6
SPECTER,11
SPECTER,22
SPECTER,46
SPECTER,30
SPECTER,34
SPECTER,15
SPECTER,30
SPECTER,43
SPECTER,31
SPECTER,8
SPECTER,34
SPECTER,30
SPECTER,30
SPECTER,21
SPECTER,30
SPECTER,41
SPECTER,14
SPECTER,35
SPECTER,6
SPECTER,13
SPECTER,29
SPECTER,46
SPECTER,16
SPECTER,46
SPECTER,32
SPECTER,32
SPECTER,0
SPECTER,44
SPECTER,1
SPECTER,41
SPECTER,44
SPECTER,29
SPECTER,37
SPECTER,35
SPECTER,34
SPECTER,1
SPECTER,11
SPECTER,17
SPECTER,45
SPECTER,34
SPECTER,4
SPECTER,28
SPECTER,9
SPECTER,28
SPECTER,0
SPECTER,40
SPECTER,29
SPECTER,30
SPECTER,49
SPECTER,41
SPECTER,23
SPECTER,45
SPECTER,19
SPECTER,26
SPECTER,22
SPECTER,37
SPECTER,41
SPECTER,21
SPECTER,20
SPECTER,1
SPECTER,22
SPECTER,41
SPECTER,41
SPECTER,31
SPECTER,20
SPECTER,6
SPECTER,41
SPECTER,10
SPECTER,39
SPECTER,27
SPECTER,47
SPECTER,9
SPECTER,25
SPECTER,19
SPECTER,21
SPECTER,29
SPECTER,19
SPECTER,2
SPECTER,31
SPECTER,28
SPECTER,49
SPECTER,34
SPECTER,18
SPECTER,24
SPECTER,11
SPECTER,21
SPECTER,4
SPECTER,2
SPECTER,11
SPECTER,14
SPECTER,45
SPECTER,34
SPECTER,22
SPECTER,41
SPECTER,9
SPECTER,34
SPECTER,6
SPECTER,45
SPECTER,4
SPECTER,4
SPECTER,30
SPECTER,15
SPECTER,26
SPECTER,41
SPECTER,2
SPECTER,20
SPECTER,20
SPECTER,1
SPECTER,44
SPECTER,21
SPECTER,35
SPECTER,44
SPECTER,30
SPECTER,6
SPECTER,41
SPECTER,41
SPECTER,43
SPECTER,43
SPECTER,11
SPECTER,31
SPECTER,32
SPECTER,17
SPECTER,4
SPECTER,9
SPECTER,28
SPECTER,13
SPECTER,20
SPECTER,47
SPECTER,32
SPECTER,41
SPECTER,44
SPECTER,11
SPECTER,34
SPECTER,26
SPECTER,4
SPECTER,42
SPECTER,17
SPECTER,21
SPECTER,26
SPECTER,16
SPECTER,37
SPECTER,41
SPECTER,1
SPECTER,28
SPECTER,23
SPECTER,20
SPECTER,6
SPECTER,31
SPECTER,27
SPECTER,25
SPECTER,49
SPECTER,36
SPECTER,37
SPECTER,15
SPECTER,42
SPECTER,47
SPECTER,14
SPECTER,29
SPECTER,31
SPECTER,41
SPECTER,42
SPECTER,1
SPECTER,33
SPECTER,45
SPECTER,36
SPECTER,22
SPECTER,30
SPECTER,25
SPECTER,41
SPECTER,29
SPECTER,2
SPECTER,47
SPECTER,17
SPECTER,35
SPECTER,18
SPECTER,22
SPECTER,0
SPECTER,20
SPECTER,6
SPECTER,33
SPECTER,33
SPECTER,21
SPECTER,20
SPECTER,9
SPECTER,4
SPECTER,0
SPECTER,44
SPECTER,31
SPECTER,4
SPECTER,11
SPECTER,26
SPECTER,16
SPECTER,18
SPECTER,16
SPECTER,29
SPECTER,23
SPECTER,28
SPECTER,31
SPECTER,43
SPECTER,22
SPECTER,17
SPECTER,21
SPECTER,32
SPECTER,39
SPECTER,21
SPECTER,15
SPECTER,1
SPECTER,10
SPECTER,33
SPECTER,47
SPECTER,18
SPECTER,16
SPECTER,6
SPECTER,19
SPECTER,1
SPECTER,29
SPECTER,14
SPECTER,19
SPECTER,22
SPECTER,4
SPECTER,35
SPECTER,39
SPECTER,30
SPECTER,41
SPECTER,34
SPECTER,43
SPECTER,12
SPECTER,29
SPECTER,0
SPECTER,23
SPECTER,19
SPECTER,22
SPECTER,30
SPECTER,29
SPECTER,44
SPECTER,30
SPECTER,44
SPECTER,41
SPECTER,27
SPECTER,17
SPECTER,34
SPECTER,39
SPECTER,20
SPECTER,35
SPECTER,19
SPECTER,30
SPECTER,49
SPECTER,30
SPECTER,41
SPECTER,40
SPECTER,44
SPECTER,47
SPECTER,31
SPECTER,34
SPECTER,9
SPECTER,45
SPECTER,31
SPECTER,14
SPECTER,13
SPECTER,6
SPECTER,19
SPECTER,44
SPECTER,30
SPECTER,38
SPECTER,26
SPECTER,6
SPECTER,2
SPECTER,49
SPECTER,17
SPECTER,42
SPECTER,29
SPECTER,41
SPECTER,45
SPECTER,23
SPECTER,6
SPECTER,17
SPECTER,15
SPECTER,11
SPECTER,11
SPECTER,6
SPECTER,4
SPECTER,26
SPECTER,44
SPECTER,18
SPECTER,11
SPECTER,43
SPECTER,20
SPECTER,40
SPECTER,20
SPECTER,21
SPECTER,45
SPECTER,20
SPECTER,46
SPECTER,29
SPECTER,9
SPECTER,33
SPECTER,47
SPECTER,46
SPECTER,33
SPECTER,21
SPECTER,29
SPECTER,29
SPECTER,1
SPECTER,6
SPECTER,18
SPECTER,6
SPECTER,26
SPECTER,0
SPECTER,0
SPECTER,30
SPECTER,35
SPECTER,28
SPECTER,33
SPECTER,20
SPECTER,41
SPECTER,46
SPECTER,34
SPECTER,41
SPECTER,6
SPECTER,30
SPECTER,47
SPECTER,29
SPECTER,1
SPECTER,13
SPECTER,46
SPECTER,21
SPECTER,3
SPECTER,30
SPECTER,41
SPECTER,44
SPECTER,6
SPECTER,20
SPECTER,47
SPECTER,42
SPECTER,11
SPECTER,47
SPECTER,37
SPECTER,44
SPECTER,33
SPECTER,23
SPECTER,20
SPECTER,14
SPECTER,30
SPECTER,1
SPECTER,6
SPECTER,11
SPECTER,30
SPECTER,9
SPECTER,20
SPECTER,28
SPECTER,9
SPECTER,22
SPECTER,16
SPECTER,11
SPECTER,21
SPECTER,45
SPECTER,18
SPECTER,18
SPECTER,30
SPECTER,21
SPECTER,20
SPECTER,33
SPECTER,30
SPECTER,5
SPECTER,20
SPECTER,0
SPECTER,29
SPECTER,20
SPECTER,47
SPECTER,33
SPECTER,41
SPECTER,45
SPECTER,9
SPECTER,35
SPECTER,41
SPECTER,47
SPECTER,16
SPECTER,9
SPECTER,32
SPECTER,47
SPECTER,41
SPECTER,4
SPECTER,19
SPECTER,11
SPECTER,46
SPECTER,4
SPECTER,26
SPECTER,9
SPECTER,19
SPECTER,9
SPECTER,30
SPECTER,6
SPECTER,21
SPECTER,4
SPECTER,32
SPECTER,37
SPECTER,42
SPECTER,26
SPECTER,44
SPECTER,24
SPECTER,28
SPECTER,14
SPECTER,6
SPECTER,33
SPECTER,11
SPECTER,14
SPECTER,11
SPECTER,36
SPECTER,20
SPECTER,22
SPECTER,0
SPECTER,35
SPECTER,27
SPECTER,42
SPECTER,26
SPECTER,9
SPECTER,20
SPECTER,43
SPECTER,41
SPECTER,5
SPECTER,14
SPECTER,18
SPECTER,26
SPECTER,11
SPECTER,6
SPECTER,30
SPECTER,0
SPECTER,41
SPECTER,9
SPECTER,28
SPECTER,42
SPECTER,46
SPECTER,24
SPECTER,17
SPECTER,28
SPECTER,32
SPECTER,21
SPECTER,41
SPECTER,18
SPECTER,45
SPECTER,14
SPECTER,34
SPECTER,26
SPECTER,20
SPECTER,31
SPECTER,32
SPECTER,33
SPECTER,44
SPECTER,37
SPECTER,19
SPECTER,20
SPECTER,41
SPECTER,20
SPECTER,44
SPECTER,40
SPECTER,17
SPECTER,32
SPECTER,41
SPECTER,37
SPECTER,14
SPECTER,16
SPECTER,15
SPECTER,4
SPECTER,21
SPECTER,37
SPECTER,23
SPECTER,1
SPECTER,32
SPECTER,30
SPECTER,0
SPECTER,41
SPECTER,39
SPECTER,43
SPECTER,25
SPECTER,35
SPECTER,45
SPECTER,46
SPECTER,4
SPECTER,37
SPECTER,6
SPECTER,24
SPECTER,29
SPECTER,18
SPECTER,17
SPECTER,1
SPECTER,15
SPECTER,32
SPECTER,6
SPECTER,11
SPECTER,40
SPECTER,11
SPECTER,6
SPECTER,31
SPECTER,21
SPECTER,0
SPECTER,13
SPECTER,16
SPECTER,1
SPECTER,44
SPECTER,33
SPECTER,47
SPECTER,29
SPECTER,39
SPECTER,13
SPECTER,0
SPECTER,36
SPECTER,27
SPECTER,0
SPECTER,15
SPECTER,7
SPECTER,16
SPECTER,39
SPECTER,29
SPECTER,45
SPECTER,20
SPECTER,35
SPECTER,20
SPECTER,29
SPECTER,18
SPECTER,25
SPECTER,26
SPECTER,8
SPECTER,22
SPECTER,11
SPECTER,4
SPECTER,26
SPECTER,39
SPECTER,1
SPECTER,41
SPECTER,37
SPECTER,21
SPECTER,8
SPECTER,36
SPECTER,4
SPECTER,18
SPECTER,49
SPECTER,41
SPECTER,45
SPECTER,20
SPECTER,20
SPECTER,6
SPECTER,1
SPECTER,32
SPECTER,41
SPECTER,49
SPECTER,49
SPECTER,21
SPECTER,20
SPECTER,33
SPECTER,22
SPECTER,8
SPECTER,16
SPECTER,27
SPECTER,46
SPECTER,47
SPECTER,47
SPECTER,41
SPECTER,30
SPECTER,21
SPECTER,29
SPECTER,46
SPECTER,39
SPECTER,46
SPECTER,9
SPECTER,16
SPECTER,26
SPECTER,33
SPECTER,44
SPECTER,39
SPECTER,45
SPECTER,22
SPECTER,26
SPECTER,20
SPECTER,5
SPECTER,20
SPECTER,16
SPECTER,18
SPECTER,9
SPECTER,17
SPECTER,41
SPECTER,19
SPECTER,18
SPECTER,11
SPECTER,28
SPECTER,9
SPECTER,41
SPECTER,40
SPECTER,16
SPECTER,1
SPECTER,14
SPECTER,0
SPECTER,42
SPECTER,29
SPECTER,17
SPECTER,41
SPECTER,6
SPECTER,6
SPECTER,26
SPECTER,30
SPECTER,21
SPECTER,36
SPECTER,23
SPECTER,44
SPECTER,36
SPECTER,28
SPECTER,20
SPECTER,37
SPECTER,48
SPECTER,5
SPECTER,39
SPECTER,41
SPECTER,38
SPECTER,6
SPECTER,32
SPECTER,45
SPECTER,14
SPECTER,17
SPECTER,1
SPECTER,6
SPECTER,1
SPECTER,41
SPECTER,19
SPECTER,30
SPECTER,16
SPECTER,9
SPECTER,11
SPECTER,37
SPECTER,5
SPECTER,11
SPECTER,45
SPECTER,44
SPECTER,4
SPECTER,6
SPECTER,11
SPECTER,20
SPECTER,28
SPECTER,2
SPECTER,28
SPECTER,31
SPECTER,21
SPECTER,6
SPECTER,39
SPECTER,41
SPECTER,14
SPECTER,28
SPECTER,16
SPECTER,20
SPECTER,18
SPECTER,22
SPECTER,13
SPECTER,37
SPECTER,5
SPECTER,39
SPECTER,15
SPECTER,13
SPECTER,44
SPECTER,5
SPECTER,41
SPECTER,44
SPECTER,40
SPECTER,37
SPECTER,0
SPECTER,48
SPECTER,41
SPECTER,34
SPECTER,44
SPECTER,5
SPECTER,9
SPECTER,14
SPECTER,43
SPECTER,4
SPECTER,32
SPECTER,14
SPECTER,30
SPECTER,11
SPECTER,21
SPECTER,28
SPECTER,46
SPECTER,8
SPECTER,49
SPECTER,44
SPECTER,20
SPECTER,48
SPECTER,40
SPECTER,16
SPECTER,43
SPECTER,47
SPECTER,26
SPECTER,17
SPECTER,15
SPECTER,6
SPECTER,4
SPECTER,41
SPECTER,33
SPECTER,21
SPECTER,45
SPECTER,20
SPECTER,4
SPECTER,30
SPECTER,36
SPECTER,29
SPECTER,9
SPECTER,30
SPECTER,19
SPECTER,45
SPECTER,35
SPECTER,44
SPECTER,39
SPECTER,11
SPECTER,20
SPECTER,11
SPECTER,47
SPECTER,11
SPECTER,31
SPECTER,35
SPECTER,48
SPECTER,9
SPECTER,18
SPECTER,11
SPECTER,43
SPECTER,11
SPECTER,21
SPECTER,25
SPECTER,29
SPECTER,5
SPECTER,42
SPECTER,31
SPECTER,8
SPECTER,9
SPECTER,27
SPECTER,41
SPECTER,4
SPECTER,4
SPECTER,43
SPECTER,41
SPECTER,21
SPECTER,24
SPECTER,20
SPECTER,25
SPECTER,36
SPECTER,31
SPECTER,6
SPECTER,24
SPECTER,15
SPECTER,6
SPECTER,4
SPECTER,14
SPECTER,37
SPECTER,40
SPECTER,5
SPECTER,0
SPECTER,16
SPECTER,44
SPECTER,35
SPECTER,11
SPECTER,31
SPECTER,22
SPECTER,39
SPECTER,31
SPECTER,30
SPECTER,20
SPECTER,31
SPECTER,42
SPECTER,22
SPECTER,11
SPECTER,48
SPECTER,22
SPECTER,14
SPECTER,14
SPECTER,47
SPECTER,41
SPECTER,33
SPECTER,21
SPECTER,11
SPECTER,1
SPECTER,41
SPECTER,41
SPECTER,6
SPECTER,28
SPECTER,41
SPECTER,29
SPECTER,43
SPECTER,6
SPECTER,44
SPECTER,33
SPECTER,1
SPECTER,29
SPECTER,45
SPECTER,21
SPECTER,6
SPECTER,1
SPECTER,30
SPECTER,6
SPECTER,4
SPECTER,32
SPECTER,26
SPECTER,49
SPECTER,6
SPECTER,35
SPECTER,14
SPECTER,27
SPECTER,24
SPECTER,20
SPECTER,45
SPECTER,28
SPECTER,34
SPECTER,20
SPECTER,26
SPECTER,33
SPECTER,30
SPECTER,37
SPECTER,1
SPECTER,4
SPECTER,29
SPECTER,28
SPECTER,41
SPECTER,6
SPECTER,6
SPECTER,29
SPECTER,33
SPECTER,44
SPECTER,20
SPECTER,21
SPECTER,20
SPECTER,18
SPECTER,38
SPECTER,5
SPECTER,3
SPECTER,22
SPECTER,39
SPECTER,20
SPECTER,28
SPECTER,1
SPECTER,21
SPECTER,37
SPECTER,19
SPECTER,41
SPECTER,22
SPECTER,1
SPECTER,30
SPECTER,20
SPECTER,14
SPECTER,34
SPECTER,42
SPECTER,14
SPECTER,9
SPECTER,31
SPECTER,18
SPECTER,30
SPECTER,30
SPECTER,45
SPECTER,6
SPECTER,21
SPECTER,4
SPECTER,6
SPECTER,11
SPECTER,32
SPECTER,44
SPECTER,9
SPECTER,41
SPECTER,4
SPECTER,34
SPECTER,29
SPECTER,32
SPECTER,5
SPECTER,18
SPECTER,14
SPECTER,1
SPECTER,25
SPECTER,45
SPECTER,27
SPECTER,26
SPECTER,1
SPECTER,1
SPECTER,44
SPECTER,11
SPECTER,25
SPECTER,33
SPECTER,37
SPECTER,46
SPECTER,28
SPECTER,43
SPECTER,49
SPECTER,43
SPECTER,19
SPECTER,41
SPECTER,20
SPECTER,41
SPECTER,21
SPECTER,9
SPECTER,44
SPECTER,9
SPECTER,36
SPECTER,41
SPECTER,47
SPECTER,13
SPECTER,22
SPECTER,30
SPECTER,37
SPECTER,20
SPECTER,43
SPECTER,48
SPECTER,22
SPECTER,47
SPECTER,45
SPECTER,0
SPECTER,18
SPECTER,6
SPECTER,41
SPECTER,44
SPECTER,47
SPECTER,41
SPECTER,37
SPECTER,37
SPECTER,2
SPECTER,35
SPECTER,40
SPECTER,39
SPECTER,31
SPECTER,39
SPECTER,45
SPECTER,27
SPECTER,45
SPECTER,1
SPECTER,5
SPECTER,41
SPECTER,47
SPECTER,14
SPECTER,9
SPECTER,36
SPECTER,21
SPECTER,4
SPECTER,45
SPECTER,21
SPECTER,0
SPECTER,20
SPECTER,15
SPECTER,6
SPECTER,44
SPECTER,39
SPECTER,1
SPECTER,31
SPECTER,0
SPECTER,6
SPECTER,34
SPECTER,30
SPECTER,29
SPECTER,41
SPECTER,29
SPECTER,48
SPECTER,4
SPECTER,3
SPECTER,37
SPECTER,31
SPECTER,11
SPECTER,19
SPECTER,20
SPECTER,44
SPECTER,20
SPECTER,43
SPECTER,14
SPECTER,32
SPECTER,32
SPECTER,41
SPECTER,45
SPECTER,0
SPECTER,38
SPECTER,36
SPECTER,9
SPECTER,47
SPECTER,14
SPECTER,33
SPECTER,11
SPECTER,39
SPECTER,39
SPECTER,32
SPECTER,31
SPECTER,20
SPECTER,14
SPECTER,28
SPECTER,42
SPECTER,21
SPECTER,39
SPECTER,47
SPECTER,25
SPECTER,1
SPECTER,21
SPECTER,29
SPECTER,21
SPECTER,26
SPECTER,3
SPECTER,18
SPECTER,25
SPECTER,3
SPECTER,33
SPECTER,4
SPECTER,32
SPECTER,6
SPECTER,1
SPECTER,41
SPECTER,1
SPECTER,39
SPECTER,1
SPECTER,48
SPECTER,39
SPECTER,34
SPECTER,37
SPECTER,34
SPECTER,40
SPECTER,45
SPECTER,30
SPECTER,47
SPECTER,34
SPECTER,14
SPECTER,20
SPECTER,20
SPECTER,24
SPECTER,18
SPECTER,28
SPECTER,33
SPECTER,19
SPECTER,14
SPECTER,32
SPECTER,1
SPECTER,25
SPECTER,49
SPECTER,1
SPECTER,4
SPECTER,11
SPECTER,15
SPECTER,30
SPECTER,15
SPECTER,35
SPECTER,20
SPECTER,41
SPECTER,31
SPECTER,16
SPECTER,47
SPECTER,20
SPECTER,0
SPECTER,20
SPECTER,38
SPECTER,32
SPECTER,20
SPECTER,29
SPECTER,17
SPECTER,20
SPECTER,9
SPECTER,29
SPECTER,24
SPECTER,1
SPECTER,0
SPECTER,28
SPECTER,14
SPECTER,28
SPECTER,4
SPECTER,30
SPECTER,1
SPECTER,5
SPECTER,47
SPECTER,33
SPECTER,15
SPECTER,48
SPECTER,14
SPECTER,45
SPECTER,41
SPECTER,21
SPECTER,44
SPECTER,34
SPECTER,44
SPECTER,34
SPECTER,20
SPECTER,21
SPECTER,39
SPECTER,40
SPECTER,20
SPECTER,44
SPECTER,15
SPECTER,41
SPECTER,23
SPECTER,33
SPECTER,46
SPECTER,6
SPECTER,39
SPECTER,1
SPECTER,16
SPECTER,21
SPECTER,6
SPECTER,4
SPECTER,34
SPECTER,11
SPECTER,11
SPECTER,24
SPECTER,6
SPECTER,19
SPECTER,34
SPECTER,37
SPECTER,48
SPECTER,45
SPECTER,16
SPECTER,30
SPECTER,6
SPECTER,45
SPECTER,0
SPECTER,23
SPECTER,18
SPECTER,37
SPECTER,25
SPECTER,28
SPECTER,39
SPECTER,13
SPECTER,6
SPECTER,29
SPECTER,21
SPECTER,33
SPECTER,9
SPECTER,37
SPECTER,47
SPECTER,47
SPECTER,42
SPECTER,13
SPECTER,17
SPECTER,15
SPECTER,21
SPECTER,0
SPECTER,0
SPECTER,0
SPECTER,36
SPECTER,39
SPECTER,18
SPECTER,13
SPECTER,47
SPECTER,39
SPECTER,11
SPECTER,24
SPECTER,11
SPECTER,20
SPECTER,44
SPECTER,24
SPECTER,17
SPECTER,4
SPECTER,1
SPECTER,41
SPECTER,8
SPECTER,9
SPECTER,36
SPECTER,30
SPECTER,28
SPECTER,41
SPECTER,23
SPECTER,23
SPECTER,39
SPECTER,14
SPECTER,14
SPECTER,45
SPECTER,31
SPECTER,7
SPECTER,21
SPECTER,18
SPECTER,28
SPECTER,40
SPECTER,34
SPECTER,9
SPECTER,47
SPECTER,20
SPECTER,21
SPECTER,42
SPECTER,31
SPECTER,18
SPECTER,43
SPECTER,17
SPECTER,21
SPECTER,48
SPECTER,9
SPECTER,44
SPECTER,32
SPECTER,39
SPECTER,11
SPECTER,0
SPECTER,36
SPECTER,34
SPECTER,20
SPECTER,11
SPECTER,29
SPECTER,39
SPECTER,42
SPECTER,29
SPECTER,20
SPECTER,34
SPECTER,9
SPECTER,19
SPECTER,22
SPECTER,4
SPECTER,6
SPECTER,6
SPECTER,11
SPECTER,6
SPECTER,22
SPECTER,19
SPECTER,30
SPECTER,30
SPECTER,4
SPECTER,43
SPECTER,28
SPECTER,6
SPECTER,38
SPECTER,23
SPECTER,8
SPECTER,28
SPECTER,0
SPECTER,23
SPECTER,18
SPECTER,14
SPECTER,39
SPECTER,1
SPECTER,29
SPECTER,20
SPECTER,4
SPECTER,5
SPECTER,6
SPECTER,48
SPECTER,44
SPECTER,9
SPECTER,42
SPECTER,41
SPECTER,21
SPECTER,21
SPECTER,41
SPECTER,28
SPECTER,9
SPECTER,31
SPECTER,8
SPECTER,28
SPECTER,33
SPECTER,41
SPECTER,36
SPECTER,6
SPECTER,20
SPECTER,6
SPECTER,31
SPECTER,21
SPECTER,11
SPECTER,20
SPECTER,35
SPECTER,41
SPECTER,41
SPECTER,35
SPECTER,14
SPECTER,34
SPECTER,21
SPECTER,17
SPECTER,41
SPECTER,20
SPECTER,19
SPECTER,12
SPECTER,15
SPECTER,11
SPECTER,3
SPECTER,34
SPECTER,45
SPECTER,16
SPECTER,11
SPECTER,39
SPECTER,41
SPECTER,37
SPECTER,21
SPECTER,23
SPECTER,1
SPECTER,45
SPECTER,14
SPECTER,17
SPECTER,28
SPECTER,6
SPECTER,47
SPECTER,9
SPECTER,45
SPECTER,32
SPECTER,20
SPECTER,15
SPECTER,31
SPECTER,39
SPECTER,1
SPECTER,32
SPECTER,19
SPECTER,2
SPECTER,41
SPECTER,20
SPECTER,6
SPECTER,6
SPECTER,39
SPECTER,40
SPECTER,19
SPECTER,22
SPECTER,14
SPECTER,41
SPECTER,26
SPECTER,49
SPECTER,20
SPECTER,11
SPECTER,9
SPECTER,36
SPECTER,33
SPECTER,20
SPECTER,47
SPECTER,36
SPECTER,45
SPECTER,14
SPECTER,18
SPECTER,43
SPECTER,1
SPECTER,48
SPECTER,19
SPECTER,14
SPECTER,41
SPECTER,45
SPECTER,39
SPECTER,19
SPECTER,16
SPECTER,4
SPECTER,33
EMPIAR-11377,2
EMPIAR-11377,30
EMPIAR-11377,38
EMPIAR-11377,9
EMPIAR-11377,1
EMPIAR-11377,21
EMPIAR-11377,3
EMPIAR-11377,10
EMPIAR-11377,9
EMPIAR-11377,9
EMPIAR-11377,26
EMPIAR-11377,12
EMPIAR-11377,46
EMPIAR-11377,31
EMPIAR-11377,17
EMPIAR-11377,28
EMPIAR-11377,10
EMPIAR-11377,3
EMPIAR-11377,28
EMPIAR-11377,35
EMPIAR-11377,31
EMPIAR-11377,18
EMPIAR-11377,12
EMPIAR-11377,28
EMPIAR-11377,41
EMPIAR-11377,39
EMPIAR-11377,16
EMPIAR-11377,37
EMPIAR-11377,0
EMPIAR-11377,44
EMPIAR-11377,34
EMPIAR-11377,23
EMPIAR-11377,45
EMPIAR-11377,37
EMPIAR-11377,33
EMPIAR-11377,33
EMPIAR-11377,6
EMPIAR-11377,14
EMPIAR-11377,41
EMPIAR-11377,19
EMPIAR-11377,21
EMPIAR-11377,18
EMPIAR-11377,34
EMPIAR-11377,10
EMPIAR-11377,20
EMPIAR-11377,31
EMPIAR-11377,2
EMPIAR-11377,41
EMPIAR-11377,17
EMPIAR-11377,41
EMPIAR-11377,28
EMPIAR-11377,43
EMPIAR-11377,45
EMPIAR-11377,49
EMPIAR-11377,6
EMPIAR-11377,45
EMPIAR-11377,48
EMPIAR-11377,8
EMPIAR-11377,5
EMPIAR-11377,30
EMPIAR-11377,6
EMPIAR-11377,12
EMPIAR-11377,25
EMPIAR-11377,20
EMPIAR-11377,27
EMPIAR-11377,16
EMPIAR-11377,6
EMPIAR-11377,20
EMPIAR-11377,41
EMPIAR-11377,6
EMPIAR-11377,36
EMPIAR-11377,45
EMPIAR-11377,18
EMPIAR-11377,5
EMPIAR-11377,19
EMPIAR-11377,18
EMPIAR-11377,5
EMPIAR-11377,37
EMPIAR-11377,31
EMPIAR-11377,34
EMPIAR-11377,39
EMPIAR-11377,3
EMPIAR-11377,33
EMPIAR-11377,34
EMPIAR-11377,39
EMPIAR-11377,41
EMPIAR-11377,18
EMPIAR-11377,15
EMPIAR-11377,19
EMPIAR-11377,40
EMPIAR-11377,41
EMPIAR-11377,20
EMPIAR-11377,33
EMPIAR-11377,21
EMPIAR-11377,6
EMPIAR-11377,3
EMPIAR-11377,33
EMPIAR-11377,30
EMPIAR-11377,45
EMPIAR-11377,4
EMPIAR-11377,34
EMPIAR-11377,41
EMPIAR-11377,10
EMPIAR-11377,14
EMPIAR-11377,31
EMPIAR-11377,13
EMPIAR-11377,3
EMPIAR-11377,27
EMPIAR-11377,30
EMPIAR-11377,41
EMPIAR-11377,10
EMPIAR-11377,33
EMPIAR-11377,35
EMPIAR-11377,20
EMPIAR-11377,3
EMPIAR-11377,4
EMPIAR-11377,41
EMPIAR-11377,30
EMPIAR-11377,0
EMPIAR-11377,1
EMPIAR-11377,20
EMPIAR-11377,5
EMPIAR-11377,15
EMPIAR-11377,45
EMPIAR-11377,42
EMPIAR-11377,3
EMPIAR-11377,47
EMPIAR-11377,37
EMPIAR-11377,28
EMPIAR-11377,49
EMPIAR-11377,1
EMPIAR-11377,28
EMPIAR-11377,46
EMPIAR-11377,18
EMPIAR-11377,39
EMPIAR-11377,21
EMPIAR-11377,28
EMPIAR-11377,31
EMPIAR-11377,0
EMPIAR-11377,15
EMPIAR-11377,1
EMPIAR-11377,4
EMPIAR-11377,41
EMPIAR-11377,9
EMPIAR-11377,6
EMPIAR-11377,27
EMPIAR-11377,9
EMPIAR-11377,6
EMPIAR-11377,16
EMPIAR-11377,21
EMPIAR-11377,20
EMPIAR-11377,3
EMPIAR-11377,27
EMPIAR-11377,30
EMPIAR-11377,28
EMPIAR-11377,47
EMPIAR-11377,0
EMPIAR-11377,41
EMPIAR-11377,4
EMPIAR-11377,48
EMPIAR-11377,4
EMPIAR-11377,4
EMPIAR-11377,41
EMPIAR-11377,4
EMPIAR-11377,41
EMPIAR-11377,15
EMPIAR-11377,12
EMPIAR-11377,4
EMPIAR-11377,12
EMPIAR-11377,41
EMPIAR-11377,3
EMPIAR-11377,39
EMPIAR-11377,45
EMPIAR-11377,4
EMPIAR-11377,21
EMPIAR-11377,33
EMPIAR-11377,29
EMPIAR-11377,33
EMPIAR-11377,34
EMPIAR-11377,6
EMPIAR-11377,39
EMPIAR-11377,34
EMPIAR-11377,0
EMPIAR-11377,33
EMPIAR-11377,44
EMPIAR-11377,36
EMPIAR-11377,39
EMPIAR-11377,43
EMPIAR-11377,13
EMPIAR-11377,22
EMPIAR-11377,39
EMPIAR-11377,22
EMPIAR-11377,21
EMPIAR-11377,1
EMPIAR-11377,42
EMPIAR-11377,38
EMPIAR-11377,33
EMPIAR-11377,31
EMPIAR-11377,13
EMPIAR-11377,19
EMPIAR-11377,31
EMPIAR-11377,47
EMPIAR-11377,27
EMPIAR-11377,5
EMPIAR-11377,23
EMPIAR-11377,21
EMPIAR-11377,41
EMPIAR-11377,33
EMPIAR-11377,19
EMPIAR-11377,6
EMPIAR-11377,44
EMPIAR-11377,30
EMPIAR-11377,43
EMPIAR-11377,44
EMPIAR-11377,7
EMPIAR-11377,27
EMPIAR-11377,20
EMPIAR-11377,7
EMPIAR-11377,9
EMPIAR-11377,28
EMPIAR-11377,3
EMPIAR-11377,31
EMPIAR-11377,21
EMPIAR-11377,44
EMPIAR-11377,22
EMPIAR-11377,13
EMPIAR-11377,0
EMPIAR-11377,29
EMPIAR-11377,34
EMPIAR-11377,26
EMPIAR-11377,24
EMPIAR-11377,34
EMPIAR-11377,23
EMPIAR-11377,9
EMPIAR-11377,30
EMPIAR-11377,45
EMPIAR-11377,44
EMPIAR-11377,24
EMPIAR-11377,41
EMPIAR-11377,17
EMPIAR-11377,36
EMPIAR-11377,21
EMPIAR-11377,21
EMPIAR-11377,12
EMPIAR-11377,19
EMPIAR-11377,6
EMPIAR-11377,1
EMPIAR-11377,2
EMPIAR-11377,42
EMPIAR-11377,45
EMPIAR-11377,33
EMPIAR-11377,48
EMPIAR-11377,9
EMPIAR-11377,7
EMPIAR-11377,31
EMPIAR-11377,31
EMPIAR-11377,1
EMPIAR-11377,6
EMPIAR-11377,24
EMPIAR-11377,11
EMPIAR-11377,44
EMPIAR-11377,43
EMPIAR-11377,20
EMPIAR-11377,33
EMPIAR-11377,28
EMPIAR-11377,41
EMPIAR-11377,30
EMPIAR-11377,29
EMPIAR-11377,36
EMPIAR-11377,20
EMPIAR-11377,10
EMPIAR-11377,21
EMPIAR-11377,0
EMPIAR-11377,1
EMPIAR-11377,41
EMPIAR-11377,17
EMPIAR-11377,39
EMPIAR-11377,47
EMPIAR-11377,33
EMPIAR-11377,41
EMPIAR-11377,21
EMPIAR-11377,14
EMPIAR-11377,6
EMPIAR-11377,37
EMPIAR-11377,43
EMPIAR-11377,39
EMPIAR-11377,36
EMPIAR-11377,20
EMPIAR-11377,45
EMPIAR-11377,5
EMPIAR-11377,7
EMPIAR-11377,49
EMPIAR-11377,44
EMPIAR-11377,39
EMPIAR-11377,16
EMPIAR-11377,30
EMPIAR-11377,16
EMPIAR-11377,49
EMPIAR-11377,42
EMPIAR-11377,9
EMPIAR-11377,20
EMPIAR-11377,20
EMPIAR-11377,10
EMPIAR-11377,4
EMPIAR-11377,26
EMPIAR-11377,46
EMPIAR-11377,4
EMPIAR-11377,41
EMPIAR-11377,45
EMPIAR-11377,19
EMPIAR-11377,41
EMPIAR-11377,36
EMPIAR-11377,25
EMPIAR-11377,1
EMPIAR-11377,44
EMPIAR-11377,1
EMPIAR-11377,45
EMPIAR-11377,45
EMPIAR-11377,41
EMPIAR-11377,31
EMPIAR-11377,19
EMPIAR-11377,4
EMPIAR-11377,21
EMPIAR-11377,20
EMPIAR-11377,45
EMPIAR-11377,34
EMPIAR-11377,6
EMPIAR-11377,20
EMPIAR-11377,2
EMPIAR-11377,10
EMPIAR-11377,18
EMPIAR-11377,38
EMPIAR-11377,20
EMPIAR-11377,39
EMPIAR-11377,20
EMPIAR-11377,44
EMPIAR-11377,37
EMPIAR-11377,6
EMPIAR-11377,22
EMPIAR-11377,6
EMPIAR-11377,9
EMPIAR-11377,7
EMPIAR-11377,18
EMPIAR-11377,6
EMPIAR-11377,5
EMPIAR-11377,42
EMPIAR-11377,42
EMPIAR-11377,33
EMPIAR-11377,29
EMPIAR-11377,19
EMPIAR-11377,45
EMPIAR-11377,45
EMPIAR-11377,20
EMPIAR-11377,44
EMPIAR-11377,3
EMPIAR-11377,31
EMPIAR-11377,41
EMPIAR-11377,1
EMPIAR-11377,19
EMPIAR-11377,20
EMPIAR-11377,29
EMPIAR-11377,41
EMPIAR-11377,40
EMPIAR-11377,41
EMPIAR-11377,21
EMPIAR-11377,17
EMPIAR-11377,47
EMPIAR-11377,21
EMPIAR-11377,33
EMPIAR-11377,27
EMPIAR-11377,16
EMPIAR-11377,41
EMPIAR-11377,49
EMPIAR-11377,4
EMPIAR-11377,12
EMPIAR-11377,22
EMPIAR-11377,5
EMPIAR-11377,41
EMPIAR-11377,25
EMPIAR-11377,41
EMPIAR-11377,43
EMPIAR-11377,18
EMPIAR-11377,16
EMPIAR-11377,18
EMPIAR-11377,6
EMPIAR-11377,11
EMPIAR-11377,23
EMPIAR-11377,6
EMPIAR-11377,40
EMPIAR-11377,39
EMPIAR-11377,41
EMPIAR-11377,29
EMPIAR-11377,14
EMPIAR-11377,9
EMPIAR-11377,31
EMPIAR-11377,25
EMPIAR-11377,9
EMPIAR-11377,16
EMPIAR-11377,5
EMPIAR-11377,21
EMPIAR-11377,44
EMPIAR-11377,0
EMPIAR-11377,6
EMPIAR-11377,16
EMPIAR-11377,45
EMPIAR-11377,45
EMPIAR-11377,9
EMPIAR-11377,36
EMPIAR-11377,18
EMPIAR-11377,28
EMPIAR-11377,49
EMPIAR-11377,28
EMPIAR-11377,29
EMPIAR-11377,21
EMPIAR-11377,12
EMPIAR-11377,20
EMPIAR-11377,44
EMPIAR-11377,20
EMPIAR-11377,23
EMPIAR-11377,34
EMPIAR-11377,29
EMPIAR-11377,45
EMPIAR-11377,22
EMPIAR-11377,25
EMPIAR-11377,6
EMPIAR-11377,41
EMPIAR-11377,41
EMPIAR-11377,45
EMPIAR-11377,30
EMPIAR-11377,31
EMPIAR-11377,3
EMPIAR-11377,20
EMPIAR-11377,4
EMPIAR-11377,9
EMPIAR-11377,31
EMPIAR-11377,8
EMPIAR-11377,41
EMPIAR-11377,48
EMPIAR-11377,33
EMPIAR-11377,16
EMPIAR-11377,30
EMPIAR-11377,17
EMPIAR-11377,13
EMPIAR-11377,7
EMPIAR-11377,14
EMPIAR-11377,21
EMPIAR-11377,2
EMPIAR-11377,29
EMPIAR-11377,44
EMPIAR-11377,16
EMPIAR-11377,6
EMPIAR-11377,5
EMPIAR-11377,6
EMPIAR-11377,40
EMPIAR-11377,25
EMPIAR-11377,22
EMPIAR-11377,21
EMPIAR-11377,46
EMPIAR-11377,40
EMPIAR-11377,44
EMPIAR-11377,9
EMPIAR-11377,31
EMPIAR-11377,21
EMPIAR-11377,46
EMPIAR-11377,23
EMPIAR-11377,12
EMPIAR-11377,40
EMPIAR-11377,5
EMPIAR-11377,21
EMPIAR-11377,2
EMPIAR-11377,8
EMPIAR-11377,47
EMPIAR-11377,6
EMPIAR-11377,33
EMPIAR-11377,43
EMPIAR-11377,20
EMPIAR-11377,14
EMPIAR-11377,20
EMPIAR-11377,21
EMPIAR-11377,4
EMPIAR-11377,20
EMPIAR-11377,34
EMPIAR-11377,48
EMPIAR-11377,28
EMPIAR-11377,20
EMPIAR-11377,31
EMPIAR-11377,36
EMPIAR-11377,36
EMPIAR-11377,19
EMPIAR-11377,34
EMPIAR-11377,17
EMPIAR-11377,2
EMPIAR-11377,13
EMPIAR-11377,33
EMPIAR-11377,42
EMPIAR-11377,6
EMPIAR-11377,47
EMPIAR-11377,33
EMPIAR-11377,21
EMPIAR-11377,18
EMPIAR-11377,9
EMPIAR-11377,22
EMPIAR-11377,36
EMPIAR-11377,27
EMPIAR-11377,8
EMPIAR-11377,49
EMPIAR-11377,34
EMPIAR-11377,41
EMPIAR-11377,6
EMPIAR-11377,35
EMPIAR-11377,25
EMPIAR-11377,15
EMPIAR-11377,27
EMPIAR-11377,41
EMPIAR-11377,5
EMPIAR-11377,21
EMPIAR-11377,9
EMPIAR-11377,33
EMPIAR-11377,15
EMPIAR-11377,21
EMPIAR-11377,46
EMPIAR-11377,45
EMPIAR-11377,4
EMPIAR-11377,5
EMPIAR-11377,9
EMPIAR-11377,1
EMPIAR-11377,41
EMPIAR-11377,21
EMPIAR-11377,9
EMPIAR-11377,6
EMPIAR-11377,25
EMPIAR-11377,21
EMPIAR-11377,45
EMPIAR-11377,17
EMPIAR-11377,20
EMPIAR-11377,34
EMPIAR-11377,21
EMPIAR-11377,14
EMPIAR-11377,16
EMPIAR-11377,20
EMPIAR-11377,4
EMPIAR-11377,19
EMPIAR-11377,33
EMPIAR-11377,6
EMPIAR-11377,1
EMPIAR-11377,45
EMPIAR-11377,44
EMPIAR-11377,37
EMPIAR-11377,46
EMPIAR-11377,46
EMPIAR-11377,20
EMPIAR-11377,20
EMPIAR-11377,1
EMPIAR-11377,6
EMPIAR-11377,39
EMPIAR-11377,43
EMPIAR-11377,44
EMPIAR-11377,9
EMPIAR-11377,20
EMPIAR-11377,18
EMPIAR-11377,43
EMPIAR-11377,47
EMPIAR-11377,36
EMPIAR-11377,30
EMPIAR-11377,15
EMPIAR-11377,37
EMPIAR-11377,6
EMPIAR-11377,17
EMPIAR-11377,41
EMPIAR-11377,39
EMPIAR-11377,31
EMPIAR-11377,20
EMPIAR-11377,42
EMPIAR-11377,41
EMPIAR-11377,41
EMPIAR-11377,27
EMPIAR-11377,9
EMPIAR-11377,20
EMPIAR-11377,20
EMPIAR-11377,44
EMPIAR-11377,49
EMPIAR-11377,30
EMPIAR-11377,15
EMPIAR-11377,42
EMPIAR-11377,34
EMPIAR-11377,49
EMPIAR-11377,3
EMPIAR-11377,31
EMPIAR-11377,20
EMPIAR-11377,37
EMPIAR-11377,26
EMPIAR-11377,21
EMPIAR-11377,41
EMPIAR-11377,42
EMPIAR-11377,21
EMPIAR-11377,24
EMPIAR-11377,6
EMPIAR-11377,29
EMPIAR-11377,4
EMPIAR-11377,13
EMPIAR-11377,21
EMPIAR-11377,46
EMPIAR-11377,16
EMPIAR-11377,35
EMPIAR-11377,27
EMPIAR-11377,9
EMPIAR-11377,31
EMPIAR-11377,41
EMPIAR-11377,33
EMPIAR-11377,37
EMPIAR-11377,5
EMPIAR-11377,1
EMPIAR-11377,49
EMPIAR-11377,32
EMPIAR-11377,39
EMPIAR-11377,23
EMPIAR-11377,20
EMPIAR-11377,38
EMPIAR-11377,18
EMPIAR-11377,15
EMPIAR-11377,6
EMPIAR-11377,44
EMPIAR-11377,41
EMPIAR-11377,44
EMPIAR-11377,46
EMPIAR-11377,1
EMPIAR-11377,31
EMPIAR-11377,4
EMPIAR-11377,6
EMPIAR-11377,41
EMPIAR-11377,15
EMPIAR-11377,20
EMPIAR-11377,44
EMPIAR-11377,21
EMPIAR-11377,40
EMPIAR-11377,39
EMPIAR-11377,1
EMPIAR-11377,18
EMPIAR-11377,41
EMPIAR-11377,25
EMPIAR-11377,29
EMPIAR-11377,35
EMPIAR-11377,44
EMPIAR-11377,8
EMPIAR-11377,30
EMPIAR-11377,45
EMPIAR-11377,26
EMPIAR-11377,25
EMPIAR-11377,18
EMPIAR-11377,0
EMPIAR-11377,44
EMPIAR-11377,21
EMPIAR-11377,12
EMPIAR-11377,19
EMPIAR-11377,21
EMPIAR-11377,21
EMPIAR-11377,1
EMPIAR-11377,7
EMPIAR-11377,30
EMPIAR-11377,31
EMPIAR-11377,17
EMPIAR-11377,23
EMPIAR-11377,12
EMPIAR-11377,30
EMPIAR-11377,29
EMPIAR-11377,39
EMPIAR-11377,28
EMPIAR-11377,9
EMPIAR-11377,5
EMPIAR-11377,42
EMPIAR-11377,48
EMPIAR-11377,20
EMPIAR-11377,29
EMPIAR-11377,36
EMPIAR-11377,48
EMPIAR-11377,21
EMPIAR-11377,23
EMPIAR-11377,1
EMPIAR-11377,47
EMPIAR-11377,6
EMPIAR-11377,14
EMPIAR-11377,22
EMPIAR-11377,26
EMPIAR-11377,30
EMPIAR-11377,21
EMPIAR-11377,3
EMPIAR-11377,14
EMPIAR-11377,21
EMPIAR-11377,31
EMPIAR-11377,8
EMPIAR-11377,34
EMPIAR-11377,30
EMPIAR-11377,30
EMPIAR-11377,21
EMPIAR-11377,30
EMPIAR-11377,41
EMPIAR-11377,3
EMPIAR-11377,15
EMPIAR-11377,6
EMPIAR-11377,32
EMPIAR-11377,5
EMPIAR-11377,43
EMPIAR-11377,16
EMPIAR-11377,46
EMPIAR-11377,32
EMPIAR-11377,32
EMPIAR-11377,0
EMPIAR-11377,44
EMPIAR-11377,1
EMPIAR-11377,41
EMPIAR-11377,26
EMPIAR-11377,29
EMPIAR-11377,37
EMPIAR-11377,2
EMPIAR-11377,34
EMPIAR-11377,1
EMPIAR-11377,29
EMPIAR-11377,17
EMPIAR-11377,45
EMPIAR-11377,34
EMPIAR-11377,4
EMPIAR-11377,28
EMPIAR-11377,9
EMPIAR-11377,12
EMPIAR-11377,0
EMPIAR-11377,40
EMPIAR-11377,29
EMPIAR-11377,30
EMPIAR-11377,40
EMPIAR-11377,41
EMPIAR-11377,23
EMPIAR-11377,45
EMPIAR-11377,19
EMPIAR-11377,7
EMPIAR-11377,22
EMPIAR-11377,37
EMPIAR-11377,41
EMPIAR-11377,21
EMPIAR-11377,20
EMPIAR-11377,1
EMPIAR-11377,22
EMPIAR-11377,41
EMPIAR-11377,41
EMPIAR-11377,31
EMPIAR-11377,20
EMPIAR-11377,6
EMPIAR-11377,41
EMPIAR-11377,14
EMPIAR-11377,39
EMPIAR-11377,40
EMPIAR-11377,47
EMPIAR-11377,9
EMPIAR-11377,12
EMPIAR-11377,19
EMPIAR-11377,12
EMPIAR-11377,29
EMPIAR-11377,27
EMPIAR-11377,27
EMPIAR-11377,31
EMPIAR-11377,28
EMPIAR-11377,3
EMPIAR-11377,48
EMPIAR-11377,18
EMPIAR-11377,14
EMPIAR-11377,5
EMPIAR-11377,21
EMPIAR-11377,4
EMPIAR-11377,12
EMPIAR-11377,5
EMPIAR-11377,42
EMPIAR-11377,45
EMPIAR-11377,34
EMPIAR-11377,22
EMPIAR-11377,41
EMPIAR-11377,9
EMPIAR-11377,34
EMPIAR-11377,6
EMPIAR-11377,45
EMPIAR-11377,4
EMPIAR-11377,4
EMPIAR-11377,30
EMPIAR-11377,48
EMPIAR-11377,6
EMPIAR-11377,41
EMPIAR-11377,3
EMPIAR-11377,20
EMPIAR-11377,20
EMPIAR-11377,1
EMPIAR-11377,44
EMPIAR-11377,21
EMPIAR-11377,7
EMPIAR-11377,46
EMPIAR-11377,30
EMPIAR-11377,6
EMPIAR-11377,41
EMPIAR-11377,41
EMPIAR-11377,2
EMPIAR-11377,43
EMPIAR-11377,5
EMPIAR-11377,31
EMPIAR-11377,42
EMPIAR-11377,17
EMPIAR-11377,4
EMPIAR-11377,40
EMPIAR-11377,28
EMPIAR-11377,13
EMPIAR-11377,20
EMPIAR-11377,31
EMPIAR-11377,30
EMPIAR-11377,41
EMPIAR-11377,44
EMPIAR-11377,27
EMPIAR-11377,34
EMPIAR-11377,12
EMPIAR-11377,4
EMPIAR-11377,42
EMPIAR-11377,2
EMPIAR-11377,21
EMPIAR-11377,10
EMPIAR-11377,16
EMPIAR-11377,37
EMPIAR-11377,41
EMPIAR-11377,1
EMPIAR-11377,28
EMPIAR-11377,23
EMPIAR-11377,20
EMPIAR-11377,6
EMPIAR-11377,31
EMPIAR-11377,43
EMPIAR-11377,44
EMPIAR-11377,26
EMPIAR-11377,36
EMPIAR-11377,37
EMPIAR-11377,7
EMPIAR-11377,42
EMPIAR-11377,47
EMPIAR-11377,14
EMPIAR-11377,29
EMPIAR-11377,31
EMPIAR-11377,41
EMPIAR-11377,6
EMPIAR-11377,1
EMPIAR-11377,33
EMPIAR-11377,45
EMPIAR-11377,36
EMPIAR-11377,22
EMPIAR-11377,30
EMPIAR-11377,15
EMPIAR-11377,41
EMPIAR-11377,29
EMPIAR-11377,5
EMPIAR-11377,47
EMPIAR-11377,42
EMPIAR-11377,35
EMPIAR-11377,38
EMPIAR-11377,22
EMPIAR-11377,3
EMPIAR-11377,20
EMPIAR-11377,6
EMPIAR-11377,33
EMPIAR-11377,33
EMPIAR-11377,21
EMPIAR-11377,20
EMPIAR-11377,9
EMPIAR-11377,4
EMPIAR-11377,0
EMPIAR-11377,44
EMPIAR-11377,31
EMPIAR-11377,4
EMPIAR-11377,5
EMPIAR-11377,15
EMPIAR-11377,16
EMPIAR-11377,18
EMPIAR-11377,16
EMPIAR-11377,29
EMPIAR-11377,48
EMPIAR-11377,28
EMPIAR-11377,31
EMPIAR-11377,43
EMPIAR-11377,22
EMPIAR-11377,17
EMPIAR-11377,21
EMPIAR-11377,17
EMPIAR-11377,39
EMPIAR-11377,21
EMPIAR-11377,35
EMPIAR-11377,1
EMPIAR-11377,10
EMPIAR-11377,10
EMPIAR-11377,47
EMPIAR-11377,18
EMPIAR-11377,16
EMPIAR-11377,6
EMPIAR-11377,48
EMPIAR-11377,40
EMPIAR-11377,29
EMPIAR-11377,34
EMPIAR-11377,19
EMPIAR-11377,22
EMPIAR-11377,4
EMPIAR-11377,35
EMPIAR-11377,39
EMPIAR-11377,30
EMPIAR-11377,41
EMPIAR-11377,34
EMPIAR-11377,33
EMPIAR-11377,32
EMPIAR-11377,29
EMPIAR-11377,0
EMPIAR-11377,23
EMPIAR-11377,19
EMPIAR-11377,22
EMPIAR-11377,30
EMPIAR-11377,24
EMPIAR-11377,12
EMPIAR-11377,30
EMPIAR-11377,16
EMPIAR-11377,41
EMPIAR-11377,15
EMPIAR-11377,19
EMPIAR-11377,34
EMPIAR-11377,12
EMPIAR-11377,20
EMPIAR-11377,4
EMPIAR-11377,19
EMPIAR-11377,30
EMPIAR-11377,5
EMPIAR-11377,30
EMPIAR-11377,41
EMPIAR-11377,1
EMPIAR-11377,44
EMPIAR-11377,47
EMPIAR-11377,31
EMPIAR-11377,34
EMPIAR-11377,9
EMPIAR-11377,45
EMPIAR-11377,31
EMPIAR-11377,26
EMPIAR-11377,4
EMPIAR-11377,6
EMPIAR-11377,19
EMPIAR-11377,44
EMPIAR-11377,30
EMPIAR-11377,32
EMPIAR-11377,2
EMPIAR-11377,6
EMPIAR-11377,10
EMPIAR-11377,35
EMPIAR-11377,17
EMPIAR-11377,42
EMPIAR-11377,29
EMPIAR-11377,41
EMPIAR-11377,45
EMPIAR-11377,42
EMPIAR-11377,3
EMPIAR-11377,19
EMPIAR-11377,12
EMPIAR-11377,2
EMPIAR-11377,11
EMPIAR-11377,6
EMPIAR-11377,4
EMPIAR-11377,13
EMPIAR-11377,44
EMPIAR-11377,18
EMPIAR-11377,5
EMPIAR-11377,35
EMPIAR-11377,20
EMPIAR-11377,40
EMPIAR-11377,20
EMPIAR-11377,21
EMPIAR-11377,45
EMPIAR-11377,20
EMPIAR-11377,1
EMPIAR-11377,29
EMPIAR-11377,26
EMPIAR-11377,33
EMPIAR-11377,47
EMPIAR-11377,46
EMPIAR-11377,33
EMPIAR-11377,37
EMPIAR-11377,29
EMPIAR-11377,29
EMPIAR-11377,1
EMPIAR-11377,6
EMPIAR-11377,18
EMPIAR-11377,27
EMPIAR-11377,12
EMPIAR-11377,0
EMPIAR-11377,0
EMPIAR-11377,30
EMPIAR-11377,8
EMPIAR-11377,28
EMPIAR-11377,5
EMPIAR-11377,20
EMPIAR-11377,41
EMPIAR-11377,46
EMPIAR-11377,34
EMPIAR-11377,41
EMPIAR-11377,6
EMPIAR-11377,30
EMPIAR-11377,47
EMPIAR-11377,29
EMPIAR-11377,1
EMPIAR-11377,49
EMPIAR-11377,46
EMPIAR-11377,21
EMPIAR-11377,15
EMPIAR-11377,30
EMPIAR-11377,41
EMPIAR-11377,44
EMPIAR-11377,6
EMPIAR-11377,20
EMPIAR-11377,47
EMPIAR-11377,42
EMPIAR-11377,5
EMPIAR-11377,47
EMPIAR-11377,37
EMPIAR-11377,44
EMPIAR-11377,33
EMPIAR-11377,23
EMPIAR-11377,7
EMPIAR-11377,3
EMPIAR-11377,30
EMPIAR-11377,1
EMPIAR-11377,6
EMPIAR-11377,43
EMPIAR-11377,30
EMPIAR-11377,9
EMPIAR-11377,20
EMPIAR-11377,28
EMPIAR-11377,9
EMPIAR-11377,26
EMPIAR-11377,5
EMPIAR-11377,11
EMPIAR-11377,21
EMPIAR-11377,45
EMPIAR-11377,18
EMPIAR-11377,18
EMPIAR-11377,30
EMPIAR-11377,27
EMPIAR-11377,20
EMPIAR-11377,5
EMPIAR-11377,30
EMPIAR-11377,5
EMPIAR-11377,20
EMPIAR-11377,0
EMPIAR-11377,29
EMPIAR-11377,20
EMPIAR-11377,47
EMPIAR-11377,33
EMPIAR-11377,41
EMPIAR-11377,45
EMPIAR-11377,13
EMPIAR-11377,49
EMPIAR-11377,41
EMPIAR-11377,47
EMPIAR-11377,16
EMPIAR-11377,9
EMPIAR-11377,14
EMPIAR-11377,47
EMPIAR-11377,41
EMPIAR-11377,4
EMPIAR-11377,19
EMPIAR-11377,12
EMPIAR-11377,1
EMPIAR-11377,4
EMPIAR-11377,14
EMPIAR-11377,12
EMPIAR-11377,19
EMPIAR-11377,9
EMPIAR-11377,30
EMPIAR-11377,6
EMPIAR-11377,21
EMPIAR-11377,4
EMPIAR-11377,14
EMPIAR-11377,37
EMPIAR-11377,42
EMPIAR-11377,9
EMPIAR-11377,44
EMPIAR-11377,46
EMPIAR-11377,28
EMPIAR-11377,30
EMPIAR-11377,6
EMPIAR-11377,33
EMPIAR-11377,5
EMPIAR-11377,8
EMPIAR-11377,15
EMPIAR-11377,36
EMPIAR-11377,20
EMPIAR-11377,30
EMPIAR-11377,0
EMPIAR-11377,35
EMPIAR-11377,27
EMPIAR-11377,14
EMPIAR-11377,44
EMPIAR-11377,9
EMPIAR-11377,5
EMPIAR-11377,23
EMPIAR-11377,41
EMPIAR-11377,5
EMPIAR-11377,10
EMPIAR-11377,7
EMPIAR-11377,27
EMPIAR-11377,27
EMPIAR-11377,6
EMPIAR-11377,30
EMPIAR-11377,20
EMPIAR-11377,45
EMPIAR-11377,9
EMPIAR-11377,28
EMPIAR-11377,15
EMPIAR-11377,46
EMPIAR-11377,27
EMPIAR-11377,25
EMPIAR-11377,17
EMPIAR-11377,10
EMPIAR-11377,21
EMPIAR-11377,41
EMPIAR-11377,18
EMPIAR-11377,45
EMPIAR-11377,14
EMPIAR-11377,34
EMPIAR-11377,42
EMPIAR-11377,20
EMPIAR-11377,31
EMPIAR-11377,10
EMPIAR-11377,33
EMPIAR-11377,44
EMPIAR-11377,37
EMPIAR-11377,19
EMPIAR-11377,20
EMPIAR-11377,41
EMPIAR-11377,20
EMPIAR-11377,44
EMPIAR-11377,40
EMPIAR-11377,17
EMPIAR-11377,6
EMPIAR-11377,41
EMPIAR-11377,37
EMPIAR-11377,2
EMPIAR-11377,16
EMPIAR-11377,25
EMPIAR-11377,4
EMPIAR-11377,21
EMPIAR-11377,21
EMPIAR-11377,23
EMPIAR-11377,1
EMPIAR-11377,7
EMPIAR-11377,30
EMPIAR-11377,0
EMPIAR-11377,41
EMPIAR-11377,39
EMPIAR-11377,40
EMPIAR-11377,25
EMPIAR-11377,35
EMPIAR-11377,45
EMPIAR-11377,1
EMPIAR-11377,4
EMPIAR-11377,37
EMPIAR-11377,6
EMPIAR-11377,7
EMPIAR-11377,29
EMPIAR-11377,12
EMPIAR-11377,13
EMPIAR-11377,1
EMPIAR-11377,10
EMPIAR-11377,38
EMPIAR-11377,6
EMPIAR-11377,11
EMPIAR-11377,43
EMPIAR-11377,38
EMPIAR-11377,6
EMPIAR-11377,31
EMPIAR-11377,21
EMPIAR-11377,40
EMPIAR-11377,49
EMPIAR-11377,16
EMPIAR-11377,1
EMPIAR-11377,7
EMPIAR-11377,33
EMPIAR-11377,47
EMPIAR-11377,29
EMPIAR-11377,39
EMPIAR-11377,24
EMPIAR-11377,0
EMPIAR-11377,32
EMPIAR-11377,3
EMPIAR-11377,42
EMPIAR-11377,12
EMPIAR-11377,27
EMPIAR-11377,16
EMPIAR-11377,39
EMPIAR-11377,29
EMPIAR-11377,45
EMPIAR-11377,20
EMPIAR-11377,25
EMPIAR-11377,20
EMPIAR-11377,29
EMPIAR-11377,18
EMPIAR-11377,49
EMPIAR-11377,3
EMPIAR-11377,35
EMPIAR-11377,22
EMPIAR-11377,5
EMPIAR-11377,46
EMPIAR-11377,40
EMPIAR-11377,39
EMPIAR-11377,1
EMPIAR-11377,41
EMPIAR-11377,37
EMPIAR-11377,21
EMPIAR-11377,46
EMPIAR-11377,36
EMPIAR-11377,4
EMPIAR-11377,18
EMPIAR-11377,25
EMPIAR-11377,41
EMPIAR-11377,45
EMPIAR-11377,20
EMPIAR-11377,20
EMPIAR-11377,6
EMPIAR-11377,3
EMPIAR-11377,49
EMPIAR-11377,48
EMPIAR-11377,27
EMPIAR-11377,42
EMPIAR-11377,34
EMPIAR-11377,20
EMPIAR-11377,33
EMPIAR-11377,22
EMPIAR-11377,27
EMPIAR-11377,16
EMPIAR-11377,27
EMPIAR-11377,1
EMPIAR-11377,41
EMPIAR-11377,47
EMPIAR-11377,41
EMPIAR-11377,30
EMPIAR-11377,21
EMPIAR-11377,29
EMPIAR-11377,46
EMPIAR-11377,39
EMPIAR-11377,1
EMPIAR-11377,9
EMPIAR-11377,16
EMPIAR-11377,15
EMPIAR-11377,33
EMPIAR-11377,44
EMPIAR-11377,39
EMPIAR-11377,45
EMPIAR-11377,22
EMPIAR-11377,26
EMPIAR-11377,20
EMPIAR-11377,5
EMPIAR-11377,20
EMPIAR-11377,16
EMPIAR-11377,18
EMPIAR-11377,9
EMPIAR-11377,12
EMPIAR-11377,41
EMPIAR-11377,19
EMPIAR-11377,49
EMPIAR-11377,5
EMPIAR-11377,28
EMPIAR-11377,9
EMPIAR-11377,41
EMPIAR-11377,8
EMPIAR-11377,16
EMPIAR-11377,1
EMPIAR-11377,14
EMPIAR-11377,0
EMPIAR-11377,42
EMPIAR-11377,29
EMPIAR-11377,27
EMPIAR-11377,47
EMPIAR-11377,6
EMPIAR-11377,6
EMPIAR-11377,40
EMPIAR-11377,30
EMPIAR-11377,21
EMPIAR-11377,36
EMPIAR-11377,23
EMPIAR-11377,44
EMPIAR-11377,36
EMPIAR-11377,28
EMPIAR-11377,20
EMPIAR-11377,37
EMPIAR-11377,44
EMPIAR-11377,5
EMPIAR-11377,39
EMPIAR-11377,41
EMPIAR-11377,38
EMPIAR-11377,6
EMPIAR-11377,15
EMPIAR-11377,45
EMPIAR-11377,14
EMPIAR-11377,17
EMPIAR-11377,1
EMPIAR-11377,6
EMPIAR-11377,1
EMPIAR-11377,41
EMPIAR-11377,19
EMPIAR-11377,30
EMPIAR-11377,44
EMPIAR-11377,3
EMPIAR-11377,11
EMPIAR-11377,27
EMPIAR-11377,33
EMPIAR-11377,3
EMPIAR-11377,45
EMPIAR-11377,44
EMPIAR-11377,4
EMPIAR-11377,6
EMPIAR-11377,5
EMPIAR-11377,20
EMPIAR-11377,28
EMPIAR-11377,13
EMPIAR-11377,28
EMPIAR-11377,31
EMPIAR-11377,21
EMPIAR-11377,6
EMPIAR-11377,39
EMPIAR-11377,41
EMPIAR-11377,0
EMPIAR-11377,28
EMPIAR-11377,16
EMPIAR-11377,20
EMPIAR-11377,18
EMPIAR-11377,22
EMPIAR-11377,24
EMPIAR-11377,37
EMPIAR-11377,5
EMPIAR-11377,39
EMPIAR-11377,15
EMPIAR-11377,27
EMPIAR-11377,25
EMPIAR-11377,5
EMPIAR-11377,41
EMPIAR-11377,44
EMPIAR-11377,6
EMPIAR-11377,20
EMPIAR-11377,3
EMPIAR-11377,40
EMPIAR-11377,41
EMPIAR-11377,34
EMPIAR-11377,44
EMPIAR-11377,5
EMPIAR-11377,9
EMPIAR-11377,14
EMPIAR-11377,43
EMPIAR-11377,8
EMPIAR-11377,5
EMPIAR-11377,24
EMPIAR-11377,30
EMPIAR-11377,10
EMPIAR-11377,21
EMPIAR-11377,28
EMPIAR-11377,43
EMPIAR-11377,8
EMPIAR-11377,27
EMPIAR-11377,42
EMPIAR-11377,20
EMPIAR-11377,40
EMPIAR-11377,13
EMPIAR-11377,16
EMPIAR-11377,42
EMPIAR-11377,47
EMPIAR-11377,17
EMPIAR-11377,17
EMPIAR-11377,40
EMPIAR-11377,6
EMPIAR-11377,12
EMPIAR-11377,41
EMPIAR-11377,33
EMPIAR-11377,21
EMPIAR-11377,45
EMPIAR-11377,20
EMPIAR-11377,4
EMPIAR-11377,30
EMPIAR-11377,36
EMPIAR-11377,11
EMPIAR-11377,9
EMPIAR-11377,30
EMPIAR-11377,19
EMPIAR-11377,45
EMPIAR-11377,27
EMPIAR-11377,44
EMPIAR-11377,39
EMPIAR-11377,11
EMPIAR-11377,20
EMPIAR-11377,5
EMPIAR-11377,47
EMPIAR-11377,11
EMPIAR-11377,31
EMPIAR-11377,42
EMPIAR-11377,48
EMPIAR-11377,9
EMPIAR-11377,18
EMPIAR-11377,7
EMPIAR-11377,13
EMPIAR-11377,11
EMPIAR-11377,21
EMPIAR-11377,31
EMPIAR-11377,29
EMPIAR-11377,5
EMPIAR-11377,2
EMPIAR-11377,31
EMPIAR-11377,7
EMPIAR-11377,9
EMPIAR-11377,27
EMPIAR-11377,41
EMPIAR-11377,4
EMPIAR-11377,4
EMPIAR-11377,43
EMPIAR-11377,25
EMPIAR-11377,21
EMPIAR-11377,42
EMPIAR-11377,20
EMPIAR-11377,27
EMPIAR-11377,36
EMPIAR-11377,31
EMPIAR-11377,6
EMPIAR-11377,12
EMPIAR-11377,35
EMPIAR-11377,6
EMPIAR-11377,4
EMPIAR-11377,40
EMPIAR-11377,37
EMPIAR-11377,40
EMPIAR-11377,5
EMPIAR-11377,0
EMPIAR-11377,16
EMPIAR-11377,43
EMPIAR-11377,32
EMPIAR-11377,5
EMPIAR-11377,31
EMPIAR-11377,22
EMPIAR-11377,39
EMPIAR-11377,31
EMPIAR-11377,30
EMPIAR-11377,20
EMPIAR-11377,31
EMPIAR-11377,42
EMPIAR-11377,22
EMPIAR-11377,27
EMPIAR-11377,48
EMPIAR-11377,22
EMPIAR-11377,14
EMPIAR-11377,14
EMPIAR-11377,47
EMPIAR-11377,41
EMPIAR-11377,33
EMPIAR-11377,21
EMPIAR-11377,2
EMPIAR-11377,1
EMPIAR-11377,41
EMPIAR-11377,41
EMPIAR-11377,6
EMPIAR-11377,28
EMPIAR-11377,41
EMPIAR-11377,29
EMPIAR-11377,10
EMPIAR-11377,6
EMPIAR-11377,44
EMPIAR-11377,33
EMPIAR-11377,1
EMPIAR-11377,29
EMPIAR-11377,45
EMPIAR-11377,21
EMPIAR-11377,6
EMPIAR-11377,1
EMPIAR-11377,30
EMPIAR-11377,6
EMPIAR-11377,48
EMPIAR-11377,13
EMPIAR-11377,31
EMPIAR-11377,42
EMPIAR-11377,6
EMPIAR-11377,42
EMPIAR-11377,32
EMPIAR-11377,15
EMPIAR-11377,11
EMPIAR-11377,20
EMPIAR-11377,48
EMPIAR-11377,28
EMPIAR-11377,34
EMPIAR-11377,20
EMPIAR-11377,10
EMPIAR-11377,33
EMPIAR-11377,22
EMPIAR-11377,25
EMPIAR-11377,1
EMPIAR-11377,4
EMPIAR-11377,29
EMPIAR-11377,28
EMPIAR-11377,41
EMPIAR-11377,6
EMPIAR-11377,6
EMPIAR-11377,29
EMPIAR-11377,33
EMPIAR-11377,44
EMPIAR-11377,20
EMPIAR-11377,21
EMPIAR-11377,20
EMPIAR-11377,18
EMPIAR-11377,7
EMPIAR-11377,5
EMPIAR-11377,43
EMPIAR-11377,22
EMPIAR-11377,39
EMPIAR-11377,20
EMPIAR-11377,28
EMPIAR-11377,1
EMPIAR-11377,21
EMPIAR-11377,37
EMPIAR-11377,40
EMPIAR-11377,41
EMPIAR-11377,22
EMPIAR-11377,1
EMPIAR-11377,30
EMPIAR-11377,20
EMPIAR-11377,37
EMPIAR-11377,34
EMPIAR-11377,42
EMPIAR-11377,15
EMPIAR-11377,9
EMPIAR-11377,31
EMPIAR-11377,18
EMPIAR-11377,10
EMPIAR-11377,30
EMPIAR-11377,7
EMPIAR-11377,6
EMPIAR-11377,21
EMPIAR-11377,4
EMPIAR-11377,6
EMPIAR-11377,2
EMPIAR-11377,38
EMPIAR-11377,44
EMPIAR-11377,10
EMPIAR-11377,41
EMPIAR-11377,4
EMPIAR-11377,34
EMPIAR-11377,29
EMPIAR-11377,32
EMPIAR-11377,5
EMPIAR-11377,18
EMPIAR-11377,7
EMPIAR-11377,1
EMPIAR-11377,13
EMPIAR-11377,45
EMPIAR-11377,6
EMPIAR-11377,26
EMPIAR-11377,1
EMPIAR-11377,1
EMPIAR-11377,44
EMPIAR-11377,7
EMPIAR-11377,25
EMPIAR-11377,5
EMPIAR-11377,37
EMPIAR-11377,15
EMPIAR-11377,28
EMPIAR-11377,33
EMPIAR-11377,43
EMPIAR-11377,25
EMPIAR-11377,8
EMPIAR-11377,41
EMPIAR-11377,20
EMPIAR-11377,41
EMPIAR-11377,21
EMPIAR-11377,9
EMPIAR-11377,44
EMPIAR-11377,9
EMPIAR-11377,10
EMPIAR-11377,41
EMPIAR-11377,47
EMPIAR-11377,4
EMPIAR-11377,22
EMPIAR-11377,30
EMPIAR-11377,42
EMPIAR-11377,20
EMPIAR-11377,10
EMPIAR-11377,36
EMPIAR-11377,22
EMPIAR-11377,47
EMPIAR-11377,45
EMPIAR-11377,0
EMPIAR-11377,18
EMPIAR-11377,6
EMPIAR-11377,41
EMPIAR-11377,44
EMPIAR-11377,47
EMPIAR-11377,41
EMPIAR-11377,37
EMPIAR-11377,49
EMPIAR-11377,5
EMPIAR-11377,4
EMPIAR-11377,40
EMPIAR-11377,39
EMPIAR-11377,31
EMPIAR-11377,39
EMPIAR-11377,45
EMPIAR-11377,5
EMPIAR-11377,45
EMPIAR-11377,1
EMPIAR-11377,5
EMPIAR-11377,41
EMPIAR-11377,47
EMPIAR-11377,30
EMPIAR-11377,9
EMPIAR-11377,36
EMPIAR-11377,21
EMPIAR-11377,4
EMPIAR-11377,45
EMPIAR-11377,21
EMPIAR-11377,0
EMPIAR-11377,20
EMPIAR-11377,12
EMPIAR-11377,6
EMPIAR-11377,44
EMPIAR-11377,39
EMPIAR-11377,1
EMPIAR-11377,31
EMPIAR-11377,0
EMPIAR-11377,48
EMPIAR-11377,12
EMPIAR-11377,30
EMPIAR-11377,29
EMPIAR-11377,41
EMPIAR-11377,29
EMPIAR-11377,26
EMPIAR-11377,4
EMPIAR-11377,46
EMPIAR-11377,37
EMPIAR-11377,31
EMPIAR-11377,5
EMPIAR-11377,19
EMPIAR-11377,20
EMPIAR-11377,44
EMPIAR-11377,46
EMPIAR-11377,43
EMPIAR-11377,7
EMPIAR-11377,24
EMPIAR-11377,7
EMPIAR-11377,41
EMPIAR-11377,45
EMPIAR-11377,0
EMPIAR-11377,3
EMPIAR-11377,36
EMPIAR-11377,32
EMPIAR-11377,47
EMPIAR-11377,14
EMPIAR-11377,33
EMPIAR-11377,12
EMPIAR-11377,48
EMPIAR-11377,39
EMPIAR-11377,27
EMPIAR-11377,31
EMPIAR-11377,20
EMPIAR-11377,24
EMPIAR-11377,28
EMPIAR-11377,43
EMPIAR-11377,21
EMPIAR-11377,39
EMPIAR-11377,47
EMPIAR-11377,25
EMPIAR-11377,1
EMPIAR-11377,21
EMPIAR-11377,29
EMPIAR-11377,21
EMPIAR-11377,25
EMPIAR-11377,34
EMPIAR-11377,10
EMPIAR-11377,24
EMPIAR-11377,38
EMPIAR-11377,33
EMPIAR-11377,4
EMPIAR-11377,37
EMPIAR-11377,6
EMPIAR-11377,1
EMPIAR-11377,41
EMPIAR-11377,1
EMPIAR-11377,12
EMPIAR-11377,1
EMPIAR-11377,48
EMPIAR-11377,39
EMPIAR-11377,34
EMPIAR-11377,37
EMPIAR-11377,34
EMPIAR-11377,40
EMPIAR-11377,45
EMPIAR-11377,30
EMPIAR-11377,47
EMPIAR-11377,34
EMPIAR-11377,6
EMPIAR-11377,20
EMPIAR-11377,38
EMPIAR-11377,7
EMPIAR-11377,18
EMPIAR-11377,28
EMPIAR-11377,33
EMPIAR-11377,42
EMPIAR-11377,14
EMPIAR-11377,32
EMPIAR-11377,46
EMPIAR-11377,4
EMPIAR-11377,48
EMPIAR-11377,1
EMPIAR-11377,4
EMPIAR-11377,5
EMPIAR-11377,23
EMPIAR-11377,30
EMPIAR-11377,35
EMPIAR-11377,32
EMPIAR-11377,20
EMPIAR-11377,41
EMPIAR-11377,10
EMPIAR-11377,7
EMPIAR-11377,47
EMPIAR-11377,20
EMPIAR-11377,0
EMPIAR-11377,5
EMPIAR-11377,38
EMPIAR-11377,8
EMPIAR-11377,20
EMPIAR-11377,29
EMPIAR-11377,17
EMPIAR-11377,20
EMPIAR-11377,15
EMPIAR-11377,2
EMPIAR-11377,6
EMPIAR-11377,1
EMPIAR-11377,0
EMPIAR-11377,28
EMPIAR-11377,14
EMPIAR-11377,28
EMPIAR-11377,4
EMPIAR-11377,30
EMPIAR-11377,1
EMPIAR-11377,5
EMPIAR-11377,47
EMPIAR-11377,33
EMPIAR-11377,6
EMPIAR-11377,25
EMPIAR-11377,14
EMPIAR-11377,45
EMPIAR-11377,41
EMPIAR-11377,21
EMPIAR-11377,12
EMPIAR-11377,34
EMPIAR-11377,44
EMPIAR-11377,34
EMPIAR-11377,20
EMPIAR-11377,21
EMPIAR-11377,39
EMPIAR-11377,31
EMPIAR-11377,20
EMPIAR-11377,44
EMPIAR-11377,14
EMPIAR-11377,41
EMPIAR-11377,23
EMPIAR-11377,33
EMPIAR-11377,1
EMPIAR-11377,6
EMPIAR-11377,12
EMPIAR-11377,1
EMPIAR-11377,16
EMPIAR-11377,21
EMPIAR-11377,6
EMPIAR-11377,4
EMPIAR-11377,34
EMPIAR-11377,12
EMPIAR-11377,29
EMPIAR-11377,24
EMPIAR-11377,6
EMPIAR-11377,19
EMPIAR-11377,34
EMPIAR-11377,37
EMPIAR-11377,10
EMPIAR-11377,45
EMPIAR-11377,16
EMPIAR-11377,30
EMPIAR-11377,6
EMPIAR-11377,45
EMPIAR-11377,0
EMPIAR-11377,23
EMPIAR-11377,18
EMPIAR-11377,37
EMPIAR-11377,25
EMPIAR-11377,28
EMPIAR-11377,39
EMPIAR-11377,10
EMPIAR-11377,35
EMPIAR-11377,29
EMPIAR-11377,42
EMPIAR-11377,12
EMPIAR-11377,9
EMPIAR-11377,37
EMPIAR-11377,47
EMPIAR-11377,47
EMPIAR-11377,40
EMPIAR-11377,11
EMPIAR-11377,14
EMPIAR-11377,4
EMPIAR-11377,21
EMPIAR-11377,0
EMPIAR-11377,0
EMPIAR-11377,0
EMPIAR-11377,36
EMPIAR-11377,39
EMPIAR-11377,18
EMPIAR-11377,13
EMPIAR-11377,47
EMPIAR-11377,39
EMPIAR-11377,11
EMPIAR-11377,43
EMPIAR-11377,5
EMPIAR-11377,20
EMPIAR-11377,44
EMPIAR-11377,36
EMPIAR-11377,17
EMPIAR-11377,4
EMPIAR-11377,1
EMPIAR-11377,41
EMPIAR-11377,35
EMPIAR-11377,14
EMPIAR-11377,36
EMPIAR-11377,30
EMPIAR-11377,28
EMPIAR-11377,41
EMPIAR-11377,23
EMPIAR-11377,35
EMPIAR-11377,39
EMPIAR-11377,24
EMPIAR-11377,14
EMPIAR-11377,8
EMPIAR-11377,31
EMPIAR-11377,11
EMPIAR-11377,21
EMPIAR-11377,13
EMPIAR-11377,34
EMPIAR-11377,40
EMPIAR-11377,34
EMPIAR-11377,9
EMPIAR-11377,47
EMPIAR-11377,20
EMPIAR-11377,21
EMPIAR-11377,42
EMPIAR-11377,31
EMPIAR-11377,18
EMPIAR-11377,48
EMPIAR-11377,26
EMPIAR-11377,21
EMPIAR-11377,26
EMPIAR-11377,9
EMPIAR-11377,44
EMPIAR-11377,32
EMPIAR-11377,39
EMPIAR-11377,11
EMPIAR-11377,7
EMPIAR-11377,36
EMPIAR-11377,34
EMPIAR-11377,17
EMPIAR-11377,12
EMPIAR-11377,29
EMPIAR-11377,39
EMPIAR-11377,42
EMPIAR-11377,29
EMPIAR-11377,20
EMPIAR-11377,34
EMPIAR-11377,9
EMPIAR-11377,19
EMPIAR-11377,22
EMPIAR-11377,4
EMPIAR-11377,6
EMPIAR-11377,6
EMPIAR-11377,29
EMPIAR-11377,6
EMPIAR-11377,22
EMPIAR-11377,48
EMPIAR-11377,30
EMPIAR-11377,30
EMPIAR-11377,4
EMPIAR-11377,49
EMPIAR-11377,28
EMPIAR-11377,6
EMPIAR-11377,38
EMPIAR-11377,23
EMPIAR-11377,8
EMPIAR-11377,28
EMPIAR-11377,0
EMPIAR-11377,23
EMPIAR-11377,18
EMPIAR-11377,26
EMPIAR-11377,39
EMPIAR-11377,46
EMPIAR-11377,29
EMPIAR-11377,20
EMPIAR-11377,4
EMPIAR-11377,5
EMPIAR-11377,6
EMPIAR-11377,35
EMPIAR-11377,44
EMPIAR-11377,9
EMPIAR-11377,42
EMPIAR-11377,41
EMPIAR-11377,21
EMPIAR-11377,21
EMPIAR-11377,48
EMPIAR-11377,28
EMPIAR-11377,9
EMPIAR-11377,12
EMPIAR-11377,10
EMPIAR-11377,28
EMPIAR-11377,33
EMPIAR-11377,41
EMPIAR-11377,36
EMPIAR-11377,6
EMPIAR-11377,20
EMPIAR-11377,6
EMPIAR-11377,31
EMPIAR-11377,21
EMPIAR-11377,5
EMPIAR-11377,20
EMPIAR-11377,15
EMPIAR-11377,41
EMPIAR-11377,41
EMPIAR-11377,7
EMPIAR-11377,12
EMPIAR-11377,34
EMPIAR-11377,21
EMPIAR-11377,3
EMPIAR-11377,41
EMPIAR-11377,20
EMPIAR-11377,19
EMPIAR-11377,2
EMPIAR-11377,24
EMPIAR-11377,37
EMPIAR-11377,30
EMPIAR-11377,34
EMPIAR-11377,45
EMPIAR-11377,16
EMPIAR-11377,5
EMPIAR-11377,18
EMPIAR-11377,41
EMPIAR-11377,37
EMPIAR-11377,21
EMPIAR-11377,23
EMPIAR-11377,1
EMPIAR-11377,45
EMPIAR-11377,30
EMPIAR-11377,17
EMPIAR-11377,28
EMPIAR-11377,2
EMPIAR-11377,47
EMPIAR-11377,9
EMPIAR-11377,45
EMPIAR-11377,5
EMPIAR-11377,20
EMPIAR-11377,9
EMPIAR-11377,35
EMPIAR-11377,39
EMPIAR-11377,1
EMPIAR-11377,22
EMPIAR-11377,19
EMPIAR-11377,25
EMPIAR-11377,41
EMPIAR-11377,46
EMPIAR-11377,6
EMPIAR-11377,6
EMPIAR-11377,18
EMPIAR-11377,40
EMPIAR-11377,19
EMPIAR-11377,22
EMPIAR-11377,14
EMPIAR-11377,41
EMPIAR-11377,25
EMPIAR-11377,49
EMPIAR-11377,20
EMPIAR-11377,14
EMPIAR-11377,9
EMPIAR-11377,36
EMPIAR-11377,33
EMPIAR-11377,20
EMPIAR-11377,47
EMPIAR-11377,3
EMPIAR-11377,45
EMPIAR-11377,2
EMPIAR-11377,18
EMPIAR-11377,5
EMPIAR-11377,1
EMPIAR-11377,2
EMPIAR-11377,19
EMPIAR-11377,24
EMPIAR-11377,41
EMPIAR-11377,45
EMPIAR-11377,39
EMPIAR-11377,19
EMPIAR-11377,16
EMPIAR-11377,4
EMPIAR-11377,33
