spatial_frequency_inv_angstrom,before_power,after_power
0.0,1.6485205898129867e-24,1.6485205898129867e-24
0.00016666666666666666,14552.266673014454,14552.266673014454
0.0003333333333333333,5037.3942173830565,5037.3942173830565
0.0005,3346.642608390783,3346.642608390783
0.0006666666666666666,1458.4896841125942,1458.4896841125942
0.0008333333333333333,638.8988676741697,638.8988676741697
0.001,588.7979232156573,588.7979232156573
0.0011666666666666665,186.69137304153577,186.69137304153577
0.0013333333333333333,206.00384467844904,206.00384467844904
0.0015,161.39743100188272,161.39743100188272
0.0016666666666666666,109.01357347665052,109.01357347665052
0.0018333333333333333,99.6428754281225,99.6428754281225
0.002,84.79584762133918,84.79584762133918
0.0021666666666666666,84.36856007251822,84.36856007251822
0.002333333333333333,59.73855455720466,59.73855455720466
0.0025,63.33456718665288,63.33456718665288
0.0026666666666666666,61.9134928974562,61.9134928974562
0.002833333333333333,61.08968274516305,61.08968274516305
0.003,61.990344407352886,61.990344407352886
0.0031666666666666666,66.2916856441485,66.2916856441485
0.003333333333333333,58.808387951223644,58.808387951223644
0.0035,64.65327753885666,64.65327753885666
0.0036666666666666666,59.80393266299264,59.80393266299264
0.003833333333333333,63.91307752446453,63.91307752446453
0.004,63.854822934757735,63.854822934757735
0.004166666666666667,66.10465156514121,66.10465156514121
0.004333333333333333,71.09199706224943,71.09199706224943
0.0045,75.47279070028453,75.47279070028453
0.004666666666666666,76.896914137217,76.896914137217
0.004833333333333334,84.30448168967528,84.30448168967528
0.005,99.90813244218296,99.90813244218296
0.005166666666666667,105.60565990338202,105.60565990338202
0.005333333333333333,110.78425038160422,110.78425038160422
0.0055,122.89679295360008,122.89679295360008
0.005666666666666666,132.44063110606766,132.44063110606766
0.005833333333333333,142.62276702479613,142.62276702479613
0.006,150.56135814211837,150.56135814211837
0.006166666666666667,162.68156288985028,162.68156288985028
0.006333333333333333,170.9608813425529,170.9608813425529
0.0065,164.1399432704809,164.1399432704809
0.006666666666666666,172.39243761264765,172.39243761264765
0.006833333333333333,179.2429081718083,179.2429081718083
0.007,160.71112087160353,160.71112087160353
0.007166666666666667,165.2795690666867,165.2795690666867
0.007333333333333333,161.24048744797375,161.24048744797375
0.0075,160.2546485731733,160.2546485731733
0.007666666666666666,145.07126704920302,145.07126704920302
0.007833333333333333,138.100357649566,138.100357649566
0.008,132.033825454326,132.033825454326
0.008166666666666666,123.76746195897272,123.76746195897272
0.008333333333333333,122.7331576110699,122.7331576110699
0.008499999999999999,111.2766909496128,111.2766909496128
0.008666666666666666,108.69453053951713,108.69453053951713
0.008833333333333334,107.15963776311285,107.15963776311285
0.009,99.99751316366964,99.99751316366964
0.009166666666666667,100.73268505608205,100.73268505608205
0.009333333333333332,94.61038608895271,94.61038608895271
0.0095,95.23341777700594,95.23341777700594
0.009666666666666667,93.7246807232529,93.7246807232529
0.009833333333333333,97.91113427581834,97.91113427581834
0.01,96.31986166950873,96.31986166950873
0.010166666666666666,94.01155786771298,94.01155786771298
0.010333333333333333,97.61247219883775,97.61247219883775
0.010499999999999999,99.43552073760029,99.43552073760029
0.010666666666666666,101.65084716822804,101.65084716822804
0.010833333333333334,101.40021067424553,101.40021067424553
0.011,102.31494775158912,102.31494775158912
0.011166666666666667,100.82520264398765,100.82520264398765
0.011333333333333332,106.50668032652486,106.50668032652486
0.0115,108.46041853477631,108.46041853477631
0.011666666666666665,107.14854702077277,107.14854702077277
0.011833333333333333,111.75951629009116,111.75951629009116
0.012,116.80421293366561,116.80421293366561
0.012166666666666666,130.15282699915463,130.15282699915463
0.012333333333333333,133.78895273057358,133.78895273057358
0.012499999999999999,134.23534029949246,134.23534029949246
0.012666666666666666,126.43838098002489,126.43838098002489
0.012833333333333334,127.66449223678839,127.66449223678839
0.013,125.65211782717243,125.65211782717243
0.013166666666666667,122.77615522011428,122.77615522011428
0.013333333333333332,123.83045448720135,123.83045448720135
0.0135,122.78404051548799,122.78404051548799
0.013666666666666666,123.51854617055899,123.51854617055899
0.013833333333333333,121.8132627534748,121.8132627534748
0.014,124.90316210600376,124.90316210600376
0.014166666666666666,122.43817373910565,122.43817373910565
0.014333333333333333,123.1912661170083,123.1912661170083
0.014499999999999999,123.79021066889446,123.79021066889446
0.014666666666666666,120.54820153986499,120.54820153986499
0.014833333333333332,119.77277285007409,119.77277285007409
0.015,119.16065053659388,119.16065053659388
0.015166666666666667,119.96082293546611,119.96082293546611
0.015333333333333332,120.08254788725623,120.08254788725623
0.0155,116.39329642575787,116.39329642575787
0.015666666666666666,117.57836641061816,117.57836641061816
0.01583333333333333,113.33983512753079,113.33983512753079
0.016,116.78932752855145,116.78932752855145
0.016166666666666666,113.39131603946771,113.39131603946771
0.01633333333333333,113.6812708174038,113.6812708174038
0.0165,111.022523046126,111.022523046126
0.016666666666666666,110.79745209707802,110.79745209707802
0.016833333333333332,108.74803414366241,108.74803414366241
0.016999999999999998,103.40502014124372,103.40502014124372
0.017166666666666667,105.10775950023564,105.10775950023564
0.017333333333333333,104.42002966197248,104.42002966197248
0.017499999999999998,97.05043342783284,97.05043342783284
0.017666666666666667,98.45500652673456,98.45500652673456
0.017833333333333333,99.05456483450614,99.05456483450614
0.018,93.37258672287211,93.37258672287211
0.018166666666666668,93.37074870031724,93.37074870031724
0.018333333333333333,90.41994106491312,90.41994106491312
0.0185,91.22982282996526,91.22982282996526
0.018666666666666665,87.0014052245133,87.0014052245133
0.018833333333333334,85.89207209003953,85.89207209003953
0.019,84.57359617612381,84.57359617612381
0.019166666666666665,83.77207290635053,83.77207290635053
0.019333333333333334,81.09192924635138,81.09192924635138
0.0195,80.1142794844777,80.1142794844777
0.019666666666666666,79.79595072964537,79.79595072964537
0.01983333333333333,76.32260581445998,76.32260581445998
0.02,76.68657264484266,76.68657264484266
0.020166666666666666,75.60663305942705,75.60663305942705
0.02033333333333333,76.0310727847969,76.0310727847969
0.0205,75.24167709405734,75.24167709405734
0.020666666666666667,75.68900056694515,75.68900056694515
0.020833333333333332,76.51587817371534,76.51587817371534
0.020999999999999998,73.41563365452218,73.41563365452218
0.021166666666666667,76.69984962973358,76.69984962973358
0.021333333333333333,75.9674664520742,75.9674664520742
0.0215,76.96503118404203,76.96503118404203
0.021666666666666667,77.4885947361446,77.4885947361446
0.021833333333333333,78.77242570543036,78.77242570543036
0.022,79.5390798257425,79.5390798257425
0.022166666666666664,80.84725694229854,80.84725694229854
0.022333333333333334,81.10380707214962,81.10380707214962
0.0225,81.80548728615042,81.80548728615042
0.022666666666666665,83.62218474634919,83.62218474634919
0.022833333333333334,85.01787875703502,85.01787875703502
0.023,85.61228488726971,85.61228488726971
0.023166666666666665,86.32285613148078,86.32285613148078
0.02333333333333333,87.64564588053477,87.64564588053477
0.0235,89.15783855503093,89.15783855503093
0.023666666666666666,90.24851869419629,90.24851869419629
0.02383333333333333,90.33653170973597,90.33653170973597
0.024,92.02353905306744,92.02353905306744
0.024166666666666666,93.08519104678854,93.08519104678854
0.024333333333333332,97.3321781768709,97.3321781768709
0.024499999999999997,99.3419730592044,99.3419730592044
0.024666666666666667,97.9241532143197,97.9241532143197
0.024833333333333332,98.15843422213321,98.15843422213321
0.024999999999999998,98.15403074499203,98.15403074499203
0.025166666666666667,97.31516874652097,97.31516874652097
0.025333333333333333,99.2847132904368,99.2847132904368
0.0255,98.55173411543541,98.55173411543541
0.025666666666666667,100.58370240691191,100.58370240691191
0.025833333333333333,97.13696139345623,97.13696139345623
0.026,97.13598803268002,97.13598803268002
0.026166666666666664,98.43763585273852,98.43763585273852
0.026333333333333334,98.7887526974392,98.7887526974392
0.0265,96.99604487396826,96.99604487396826
0.026666666666666665,96.17833102456055,96.17833102456055
0.026833333333333334,97.25676036694121,97.25676036694121
0.027,96.33314062052466,96.33314062052466
0.027166666666666665,95.914473906173,95.914473906173
0.02733333333333333,94.67162787227171,94.67162787227171
0.0275,95.57989180000757,95.57989180000757
0.027666666666666666,93.56912857470004,93.56912857470004
0.02783333333333333,93.89035217310649,93.89035217310649
0.028,92.95885626712027,92.95885626712027
0.028166666666666666,91.26500892509534,91.26500892509534
0.028333333333333332,90.00672983289711,90.00672983289711
0.028499999999999998,89.30908052748714,89.30908052748714
0.028666666666666667,88.63782818907812,88.63782818907812
0.028833333333333332,86.34396695148708,86.34396695148708
0.028999999999999998,85.91755693215721,85.91755693215721
0.029166666666666667,84.29418957020772,84.29418957020772
0.029333333333333333,82.5831409197007,82.5831409197007
0.0295,83.40224707608846,83.40224707608846
0.029666666666666664,81.52092130605332,81.52092130605332
0.029833333333333333,80.09239101818756,80.09239101818756
0.03,77.0484049916843,77.0484049916843
0.030166666666666665,76.80158229788132,76.80158229788132
0.030333333333333334,75.38893906702917,75.38893906702917
0.0305,74.38872340895213,74.38872340895213
0.030666666666666665,72.58005962831712,72.58005962831712
0.03083333333333333,72.16059956788767,72.16059956788767
0.031,70.08532600655109,70.08532600655109
0.031166666666666665,68.51933503670026,68.51933503670026
0.03133333333333333,68.13161175711802,68.13161175711802
0.0315,69.68703763499994,69.68703763499994
0.03166666666666666,64.11471479506174,64.11471479506174
0.03183333333333333,64.3461899130151,64.3461899130151
0.032,65.30725686814539,65.30725686814539
0.03216666666666666,60.78959579940156,60.78959579940156
0.03233333333333333,61.96076859914792,61.96076859914792
0.0325,60.97660081237442,60.97660081237442
0.03266666666666666,60.27596137140593,60.27596137140593
0.03283333333333333,59.58525818848277,59.58525818848277
0.033,58.16715568733156,58.16715568733156
0.033166666666666664,57.48907576626493,57.48907576626493
0.03333333333333333,56.98713923919726,56.98713923919726
0.0335,55.79454365690061,55.79454365690061
0.033666666666666664,55.63182036779089,55.63182036779089
0.03383333333333333,55.54821698977345,55.54821698977345
0.033999999999999996,53.11167970439936,53.11167970439936
0.034166666666666665,54.00195623899585,54.00195623899585
0.034333333333333334,54.597833264279615,54.597833264279615
0.034499999999999996,51.08909502145398,51.08909502145398
0.034666666666666665,51.88694463178869,51.88694463178869
0.034833333333333334,52.17775754995594,52.17775754995594
0.034999999999999996,49.23207199309831,49.23207199309831
0.035166666666666666,49.891906758259616,49.891906758259616
0.035333333333333335,49.450407874289496,49.450407874289496
0.0355,48.57283372174825,48.57283372174825
0.035666666666666666,48.009847180283586,48.009847180283586
0.035833333333333335,47.703213207097335,47.703213207097335
0.036,47.279174401530206,47.279174401530206
0.036166666666666666,45.93745862945798,45.93745862945798
0.036333333333333336,45.95901708834771,45.95901708834771
0.0365,45.669504610443106,45.669504610443106
0.03666666666666667,45.83154743114567,45.83154743114567
0.03683333333333333,42.822769055646255,42.822769055646255
0.037,43.55423224207256,43.55423224207256
0.03716666666666667,43.883467349615565,43.883467349615565
0.03733333333333333,41.858425989614034,41.858425989614034
0.0375,41.676241902985744,41.676241902985744
0.03766666666666667,41.36865579784851,41.36865579784851
0.03783333333333333,40.277087685639756,40.277087685639756
0.038,40.110632757115916,40.110632757115916
0.03816666666666667,39.54106972880951,39.54106972880951
0.03833333333333333,38.77746573264016,38.77746573264016
0.0385,38.44644919574178,38.44644919574178
0.03866666666666667,37.58912741936404,37.58912741936404
0.03883333333333333,37.36601035900055,37.36601035900055
0.039,37.217637521217476,37.217637521217476
0.03916666666666666,35.537397678982394,35.537397678982394
0.03933333333333333,35.4637762539497,35.4637762539497
0.0395,36.192873182477044,36.192873182477044
0.03966666666666666,34.28364179948129,34.28364179948129
0.03983333333333333,34.33101399253581,34.33101399253581
0.04,34.03360127030717,34.03360127030717
0.04016666666666666,33.75982393293563,33.75982393293563
0.04033333333333333,32.72502475876357,32.72502475876357
0.0405,32.68345713140485,32.68345713140485
0.04066666666666666,31.85462631097608,31.85462631097608
0.04083333333333333,31.641149482944865,31.641149482944865
0.041,31.50997316728801,31.50997316728801
0.041166666666666664,31.12781051117352,31.12781051117352
0.04133333333333333,30.86011359567154,30.86011359567154
0.041499999999999995,29.998280888429026,29.998280888429026
0.041666666666666664,29.78899815111869,29.78899815111869
0.041833333333333333,29.752803740927835,29.752803740927835
0.041999999999999996,28.40950751967138,28.40950751967138
0.042166666666666665,28.867473186895076,28.867473186895076
0.042333333333333334,28.70272107599388,28.70272107599388
0.042499999999999996,27.875187149634296,27.875187149634296
0.042666666666666665,28.111331067121437,28.111331067121437
0.042833333333333334,27.89728844970852,27.89728844970852
0.043,27.658815631642334,27.658815631642334
0.043166666666666666,27.322289863162634,27.322289863162634
0.043333333333333335,27.113946667696112,27.113946667696112
0.0435,26.956851617262412,26.956851617262412
0.043666666666666666,26.707487891989796,26.707487891989796
0.043833333333333335,26.64989990558083,26.64989990558083
0.044,26.40237576788324,26.40237576788324
0.04416666666666667,26.016347264786056,26.016347264786056
0.04433333333333333,26.11271218745744,26.11271218745744
0.0445,25.90832115155242,25.90832115155242
0.04466666666666667,25.91779988160986,25.91779988160986
0.04483333333333333,25.472730779152904,25.472730779152904
0.045,25.524095646780477,25.524095646780477
0.04516666666666667,25.32411740760838,25.32411740760838
0.04533333333333333,25.309341562158437,25.309341562158437
0.0455,25.350908230207743,25.350908230207743
0.04566666666666667,25.31515120132296,25.31515120132296
0.04583333333333333,25.125375672342198,25.125375672342198
0.046,25.001961168945304,25.001961168945304
0.04616666666666667,24.82173594065249,24.82173594065249
0.04633333333333333,25.034564453132173,25.034564453132173
0.0465,25.08154555006185,25.08154555006185
0.04666666666666666,24.751402204053782,24.751402204053782
0.04683333333333333,24.998021877306382,24.998021877306382
0.047,24.838084282378688,24.838084282378688
0.04716666666666666,24.782663674197085,24.782663674197085
0.04733333333333333,25.053344438965283,25.053344438965283
0.0475,24.91977801774351,24.91977801774351
0.04766666666666666,24.828986933526263,24.828986933526263
0.04783333333333333,24.742028595753652,24.742028595753652
0.048,24.72332388070748,24.72332388070748
0.04816666666666666,25.05414030868471,25.05414030868471
0.04833333333333333,24.765009364824685,24.765009364824685
0.0485,24.917716842363596,24.917716842363596
0.048666666666666664,25.159691822315274,25.159691822315274
0.04883333333333333,25.189732144289394,25.189732144289394
0.048999999999999995,25.1361551580898,25.1361551580898
0.049166666666666664,25.30899844232957,25.30899844232957
0.04933333333333333,25.37443795823126,25.37443795823126
0.049499999999999995,25.500721294960154,25.500721294960154
0.049666666666666665,25.51857540070214,25.51857540070214
0.049833333333333334,25.74854275815407,25.74854275815407
0.049999999999999996,25.81796585552918,25.81796585552918
0.050166666666666665,25.80397248743365,25.80397248743365
0.050333333333333334,25.825385897188852,25.825385897188852
0.050499999999999996,26.006240147845567,26.006240147845567
0.050666666666666665,26.25907528010639,26.25907528010639
0.050833333333333335,26.174662927809475,26.174662927809475
0.051,26.227618511449364,26.227618511449364
0.051166666666666666,26.39391599114985,26.39391599114985
0.051333333333333335,26.42991643796814,26.42991643796814
0.0515,26.498778327779487,26.498778327779487
0.051666666666666666,26.876816422709208,26.876816422709208
0.05183333333333333,26.605181167581165,26.605181167581165
0.052,27.002304348846767,27.002304348846767
0.05216666666666667,26.988554806780588,26.988554806780588
0.05233333333333333,27.129123228266337,27.129123228266337
0.0525,27.08293927252167,27.08293927252167
0.05266666666666667,27.270175286842548,27.270175286842548
0.05283333333333333,27.48166667295953,27.48166667295953
0.053,27.59306028064343,27.59306028064343
0.05316666666666667,27.59559556472563,27.59559556472563
0.05333333333333333,27.670147511920067,27.670147511920067
0.0535,27.8633283738296,27.8633283738296
0.05366666666666667,27.714532189391416,27.714532189391416
0.05383333333333333,27.98188496983918,27.98188496983918
0.054,28.12620411547614,28.12620411547614
0.05416666666666666,27.84386168702207,27.84386168702207
0.05433333333333333,28.263184660615018,28.263184660615018
0.0545,28.296702921366702,28.296702921366702
0.05466666666666666,28.399894072044173,28.399894072044173
0.05483333333333333,28.463559233175896,28.463559233175896
0.055,28.35874302666391,28.35874302666391
0.05516666666666666,28.490217577986993,28.490217577986993
0.05533333333333333,28.618289505514777,28.618289505514777
0.0555,28.463385731359793,28.463385731359793
0.05566666666666666,28.810782529951922,28.810782529951922
0.05583333333333333,28.79839854540941,28.79839854540941
0.056,28.74436032897803,28.74436032897803
0.05616666666666666,28.978594856068845,28.978594856068845
0.05633333333333333,28.824704725935522,28.824704725935522
0.056499999999999995,29.053679151108216,29.053679151108216
0.056666666666666664,28.78917757024414,28.78917757024414
0.05683333333333333,28.946534472793438,28.946534472793438
0.056999999999999995,29.054664319411483,29.054664319411483
0.057166666666666664,28.90457615407827,28.90457615407827
0.05733333333333333,29.16584144322215,29.16584144322215
0.057499999999999996,28.80793305669121,28.80793305669121
0.057666666666666665,28.84793508478444,28.84793508478444
0.057833333333333334,28.944632624686527,28.944632624686527
0.057999999999999996,28.717779618037675,28.717779618037675
0.058166666666666665,28.674953470618824,28.674953470618824
0.058333333333333334,28.79119913206688,28.79119913206688
0.058499999999999996,28.687591022347874,28.687591022347874
0.058666666666666666,28.674773785461017,28.674773785461017
0.058833333333333335,28.816489524933406,28.816489524933406
0.059,28.587689622957676,28.587689622957676
0.059166666666666666,28.48321188365945,28.48321188365945
0.05933333333333333,28.555170037572772,28.555170037572772
0.0595,28.26079179120871,28.26079179120871
0.059666666666666666,28.089221366477656,28.089221366477656
0.05983333333333333,28.31493152990502,28.31493152990502
0.06,28.230777115932604,28.230777115932604
0.06016666666666667,28.20739772675778,28.20739772675778
0.06033333333333333,27.9785698932582,27.9785698932582
0.0605,27.917486085273705,27.917486085273705
0.06066666666666667,27.849010389988173,27.849010389988173
0.06083333333333333,27.671042339469736,27.671042339469736
0.061,27.829664558679774,27.829664558679774
0.06116666666666667,27.410809242372,27.410809242372
0.06133333333333333,27.366133308777734,27.366133308777734
0.0615,27.29205237695657,27.29205237695657
0.06166666666666666,27.150787280118983,27.150787280118983
0.06183333333333333,27.058302380457476,27.058302380457476
0.062,26.95370931224946,26.95370931224946
0.06216666666666666,27.026663387063014,27.026663387063014
0.06233333333333333,26.725494809884605,26.725494809884605
0.0625,26.72045433469619,26.72045433469619
0.06266666666666666,26.896268815623518,26.896268815623518
0.06283333333333332,26.291211101363654,26.291211101363654
0.063,26.234532855140838,26.234532855140838
0.06316666666666666,26.584891701574424,26.584891701574424
0.06333333333333332,25.996696310230192,25.996696310230192
0.0635,25.983564713265864,25.983564713265864
0.06366666666666666,26.071555713402272,26.071555713402272
0.06383333333333333,25.783878467032682,25.783878467032682
0.064,25.864865660592653,25.864865660592653
0.06416666666666666,25.747919437684487,25.747919437684487
0.06433333333333333,25.30098575431321,25.30098575431321
0.0645,25.797786306258374,25.797786306258374
0.06466666666666666,25.348132547902495,25.348132547902495
0.06483333333333333,25.283421898535693,25.283421898535693
0.065,25.340924965262687,25.340924965262687
0.06516666666666666,25.264370703449732,25.264370703449732
0.06533333333333333,25.067147785312056,25.067147785312056
0.0655,25.15850900912853,25.15850900912853
0.06566666666666666,25.044969256884645,25.044969256884645
0.06583333333333333,25.001785474436584,25.001785474436584
0.066,24.989830907487175,24.989830907487175
0.06616666666666667,24.930104723155083,24.930104723155083
0.06633333333333333,24.726777004586697,24.726777004586697
0.0665,24.834157678191225,24.834157678191225
0.06666666666666667,24.713050272470053,24.713050272470053
0.06683333333333333,24.798357421122525,24.798357421122525
0.067,24.678918800121647,24.678918800121647
0.06716666666666667,24.833028090835572,24.833028090835572
0.06733333333333333,24.887585518194875,24.887585518194875
0.0675,24.783506976320627,24.783506976320627
0.06766666666666667,24.892251222463088,24.892251222463088
0.06783333333333333,24.874228550097257,24.874228550097257
0.06799999999999999,24.787872664728184,24.787872664728184
0.06816666666666667,24.80334242677354,24.80334242677354
0.06833333333333333,25.069132755690106,25.069132755690106
0.06849999999999999,24.846749100906383,24.846749100906383
0.06866666666666667,24.917998858061047,24.917998858061047
0.06883333333333333,25.1062620012855,25.1062620012855
0.06899999999999999,24.914487862467258,24.914487862467258
0.06916666666666667,24.99854058889363,24.99854058889363
0.06933333333333333,25.135658525947914,25.135658525947914
0.06949999999999999,25.174189979823886,25.174189979823886
0.06966666666666667,25.079319561815456,25.079319561815456
0.06983333333333333,25.507978351509923,25.507978351509923
0.06999999999999999,25.166227557437583,25.166227557437583
0.07016666666666667,25.31894809375026,25.31894809375026
0.07033333333333333,25.297501419680952,25.297501419680952
0.0705,25.420289082873982,25.420289082873982
0.07066666666666667,25.440955709925277,25.440955709925277
0.07083333333333333,25.466049498839773,25.466049498839773
0.071,25.69951864985877,25.69951864985877
0.07116666666666667,25.656629145969035,25.656629145969035
0.07133333333333333,25.90568750377116,25.90568750377116
0.0715,25.67583720494451,25.67583720494451
0.07166666666666667,26.057571107307023,26.057571107307023
0.07183333333333333,25.863346521448758,25.863346521448758
0.072,25.795764004215258,25.795764004215258
0.07216666666666667,25.956175640675312,25.956175640675312
0.07233333333333333,26.03866727002534,26.03866727002534
0.0725,26.20235421640059,26.20235421640059
0.07266666666666667,26.117802985248698,26.117802985248698
0.07283333333333333,26.361070991109408,26.361070991109408
0.073,26.646709870131932,26.646709870131932
0.07316666666666666,26.155788014231074,26.155788014231074
0.07333333333333333,26.26523326211689,26.26523326211689
0.0735,26.75504505135496,26.75504505135496
0.07366666666666666,26.18023107014644,26.18023107014644
0.07383333333333333,26.37783229542281,26.37783229542281
0.074,26.77691358335641,26.77691358335641
0.07416666666666666,26.163260069717293,26.163260069717293
0.07433333333333333,26.43389184356473,26.43389184356473
0.0745,26.813358700565644,26.813358700565644
0.07466666666666666,26.149787281675568,26.149787281675568
0.07483333333333334,26.502875082396727,26.502875082396727
0.075,26.748491400112236,26.748491400112236
0.07516666666666666,26.306986146554515,26.306986146554515
0.07533333333333334,26.675965270424285,26.675965270424285
0.0755,26.470165963399943,26.470165963399943
0.07566666666666666,26.623781488855485,26.623781488855485
0.07583333333333334,26.461135159233482,26.461135159233482
0.076,26.571502445351122,26.571502445351122
0.07616666666666666,26.347330749972368,26.347330749972368
0.07633333333333334,26.407023432174892,26.407023432174892
0.0765,26.356602906444706,26.356602906444706
0.07666666666666666,26.305360086405223,26.305360086405223
0.07683333333333334,26.381537276915612,26.381537276915612
0.077,26.100916492222677,26.100916492222677
0.07716666666666666,26.17129969472786,26.17129969472786
0.07733333333333334,26.12416835919783,26.12416835919783
0.0775,26.160348186737178,26.160348186737178
0.07766666666666666,26.19469140099561,26.19469140099561
0.07783333333333332,25.727287055786533,25.727287055786533
0.078,25.98155987444567,25.98155987444567
0.07816666666666666,25.91183924753942,25.91183924753942
0.07833333333333332,25.579282610835314,25.579282610835314
0.0785,25.70343015050162,25.70343015050162
0.07866666666666666,25.832835941763403,25.832835941763403
0.07883333333333332,25.409023045651164,25.409023045651164
0.079,25.59529406668262,25.59529406668262
0.07916666666666666,25.465996733077993,25.465996733077993
0.07933333333333333,25.302753347663323,25.302753347663323
0.0795,25.25913360440056,25.25913360440056
0.07966666666666666,25.354169823896353,25.354169823896353
0.07983333333333333,25.22721210657463,25.22721210657463
0.08,25.193121379223985,25.193121379223985
0.08016666666666666,25.219896123444006,25.219896123444006
0.08033333333333333,25.227840308417196,25.227840308417196
0.0805,25.06523988432631,25.06523988432631
0.08066666666666666,24.8931814099666,24.8931814099666
0.08083333333333333,25.209128111827102,25.209128111827102
0.081,25.168337310698064,25.168337310698064
0.08116666666666666,24.96195306578956,24.96195306578956
0.08133333333333333,24.905718524252002,24.905718524252002
0.0815,24.819372223752563,24.819372223752563
0.08166666666666667,24.860320252008258,24.860320252008258
0.08183333333333333,24.86262329317429,24.86262329317429
0.082,24.855505979685255,24.855505979685255
0.08216666666666667,24.855084298754253,24.855084298754253
0.08233333333333333,24.941774224591697,24.941774224591697
0.0825,24.832268779134488,24.832268779134488
0.08266666666666667,24.723542040813136,24.723542040813136
0.08283333333333333,24.78657980778798,24.78657980778798
0.08299999999999999,24.812251505125946,24.812251505125946
0.08316666666666667,24.85238083823026,24.85238083823026
0.08333333333333333,24.950919520105884,24.950919520105884
0.08349999999999999,24.75049011237703,24.75049011237703
0.08366666666666667,24.70883764090747,24.70883764090747
0.08383333333333333,25.14252290869197,25.14252290869197
0.08399999999999999,24.858761847214414,24.858761847214414
0.08416666666666667,24.93478148509976,24.93478148509976
0.08433333333333333,25.08204000807181,25.08204000807181
0.08449999999999999,24.868568470250423,24.868568470250423
0.08466666666666667,25.032847439507147,25.032847439507147
0.08483333333333333,25.38665109718822,25.38665109718822
0.08499999999999999,25.15818619669185,25.15818619669185
0.08516666666666667,25.13084873118361,25.13084873118361
0.08533333333333333,25.09851147471063,25.09851147471063
0.08549999999999999,25.283719361703668,25.283719361703668
0.08566666666666667,25.236091531057077,25.236091531057077
0.08583333333333333,25.29251483696187,25.29251483696187
0.086,25.471830774168804,25.471830774168804
0.08616666666666667,25.297805352591922,25.297805352591922
0.08633333333333333,25.38707153375725,25.38707153375725
0.0865,25.58637641504474,25.58637641504474
0.08666666666666667,25.41648860200209,25.41648860200209
0.08683333333333333,25.454561783626044,25.454561783626044
0.087,25.57674967966282,25.57674967966282
0.08716666666666667,25.62959373126126,25.62959373126126
0.08733333333333333,25.567815222350387,25.567815222350387
0.0875,25.52490260815023,25.52490260815023
0.08766666666666667,25.622275920119396,25.622275920119396
0.08783333333333333,25.62866617142678,25.62866617142678
0.088,25.795731924023837,25.795731924023837
0.08816666666666666,25.61346402788411,25.61346402788411
0.08833333333333333,25.474067176456607,25.474067176456607
0.0885,25.793633518982677,25.793633518982677
0.08866666666666666,25.56471035966949,25.56471035966949
0.08883333333333333,25.65804274770652,25.65804274770652
0.089,25.53919317974364,25.53919317974364
0.08916666666666666,25.617915184341218,25.617915184341218
0.08933333333333333,25.716573581344946,25.716573581344946
0.0895,25.785759986418743,25.785759986418743
0.08966666666666666,25.736977905829868,25.736977905829868
0.08983333333333333,25.675382468276286,25.675382468276286
0.09,25.629477965972118,25.629477965972118
0.09016666666666666,25.573875832169218,25.573875832169218
0.09033333333333333,25.658465259244636,25.658465259244636
0.0905,25.69711970713,25.69711970713
0.09066666666666666,25.360572780389745,25.360572780389745
0.09083333333333334,25.427211621195315,25.427211621195315
0.091,25.702578514329264,25.702578514329264
0.09116666666666666,25.353194576015042,25.353194576015042
0.09133333333333334,25.302953427680453,25.302953427680453
0.0915,25.503947704499044,25.503947704499044
0.09166666666666666,25.481348451584925,25.481348451584925
0.09183333333333334,25.3618803202591,25.3618803202591
0.092,25.291081783067344,25.291081783067344
0.09216666666666666,25.32650385072649,25.32650385072649
0.09233333333333334,25.210874765186045,25.210874765186045
0.0925,25.233148076218814,25.233148076218814
0.09266666666666666,25.214167728659007,25.214167728659007
0.09283333333333334,25.254459622228342,25.254459622228342
0.093,25.134189278264973,25.134189278264973
0.09316666666666666,25.032277084638586,25.032277084638586
0.09333333333333332,25.00254861334568,25.00254861334568
0.0935,25.086502634195373,25.086502634195373
0.09366666666666666,24.909827678924803,24.909827678924803
0.09383333333333332,24.74545471257302,24.74545471257302
0.094,25.097354007579675,25.097354007579675
0.09416666666666666,24.74449000859152,24.74449000859152
0.09433333333333332,24.947407396133023,24.947407396133023
0.0945,24.884429833684845,24.884429833684845
0.09466666666666666,24.977464564983762,24.977464564983762
0.09483333333333333,24.740841702977946,24.740841702977946
0.095,24.734253526074994,24.734253526074994
0.09516666666666666,24.794037461031756,24.794037461031756
0.09533333333333333,24.81934845514848,24.81934845514848
0.0955,24.845043950615008,24.845043950615008
0.09566666666666666,24.88049527979432,24.88049527979432
0.09583333333333333,24.85661980424659,24.85661980424659
0.096,24.851090809144498,24.851090809144498
0.09616666666666666,24.924605742182816,24.924605742182816
0.09633333333333333,24.834032427213778,24.834032427213778
0.0965,24.81325518572826,24.81325518572826
0.09666666666666666,24.80728856418772,24.80728856418772
0.09683333333333333,24.928116105692208,24.928116105692208
0.097,24.91931606515167,24.91931606515167
0.09716666666666667,24.900952788272566,24.900952788272566
0.09733333333333333,25.021763227430895,25.021763227430895
0.0975,24.898279435630343,24.898279435630343
0.09766666666666667,24.91639827264469,24.91639827264469
0.09783333333333333,25.123606275404274,25.123606275404274
0.09799999999999999,25.06940329137837,25.06940329137837
0.09816666666666667,24.944701679207302,24.944701679207302
0.09833333333333333,25.08335761507967,25.08335761507967
0.09849999999999999,24.97692138207608,24.97692138207608
0.09866666666666667,25.118138717613103,25.118138717613103
0.09883333333333333,25.191980344803333,25.191980344803333
0.09899999999999999,25.159887582382954,25.159887582382954
0.09916666666666667,25.049486516494465,25.049486516494465
0.09933333333333333,25.313008974075064,25.313008974075064
0.09949999999999999,25.35785226104695,25.35785226104695
0.09966666666666667,25.18628702522388,25.18628702522388
0.09983333333333333,25.189391540963427,25.189391540963427
0.09999999999999999,25.326154500431187,25.326154500431187
